id,content,post_code,class_code,class_name,time,good_count,comment_count,Root_code
3357484,用磕了瓜子的手翻书真是太干净啦,202503140942277075P2,20220429RUC01,投稿,刚刚,0,0,202503140941453524P1
3357483,太牛了小姐姐你知道声音有多大吗,202503140942096211P2,20220429RUC01,投稿,刚刚,0,0,202503140941453524P1
3357482,我草磕了一桌子了,202503140942009367P2,20220429RUC01,投稿,刚刚,0,0,202503140941453524P1
3357481,还以为听错了，以为是键盘呢,202503140941542720P2,20220429RUC01,投稿,刚刚,0,0,202503140941453524P1
3357478,推荐番茄的马甲的文《然而你却想s我》（这里的字是睡）,202503140941189563P2,20220429RUC01,投稿, 1分钟前,0,0,202503140937228765P1
3357470,没关系，我们老师说，签到直接给分，期末考一起考，平时作业老师们开会决定正态分布，所以几个老师应该没区别了,202503140939003974P2,20220429RUC01,投稿, 3分钟前,0,0,202503140935237859P1
3357468,本人高瓴大二♀，之前的笔记本是高中买的已经不太能用了，可能后续会有模型训练的需求？游戏的话偶尔玩玩燕云十六声之类的,202503140938408460P2,20220429RUC01,投稿, 4分钟前,0,0,202503140925173784P1
3357433,你要玩啥，或者说你需要用电脑做什么捏,202503140926455521P2,20220429RUC01,投稿, 15分钟前,0,0,202503140925173784P1
3357477,中,202503140941181521P2,20220429RUC01,投稿, 1分钟前,0,0,202503140922477022P1
3357454,喜欢0，今晚你是m，留号,202503140934071136P2,20220429RUC01,投稿, 8分钟前,0,0,202503140922477022P1
3357451,你是谷，那小王呢,202503140933038083P2,20220429RUC01,投稿, 9分钟前,0,0,202503140922477022P1
3357447,6,202503140932088448P2,20220429RUC01,投稿, 10分钟前,0,0,202503140922477022P1
3357442,这是谁啊,202503140929432674P2,20220429RUC01,投稿, 12分钟前,0,0,202503140922477022P1
3357437,姐姐我是你的🐶,202503140927216293P2,20220429RUC01,投稿, 15分钟前,0,0,202503140922477022P1
3357436,留号，今晚约,202503140926596824P2,20220429RUC01,投稿, 15分钟前,0,0,202503140922477022P1
3357472,小妖怪老师点名怎么个形式呢，会直接按着名单点啊吗,202503140940304999P2,20220429RUC01,投稿, 2分钟前,0,0,202503140918194350P1
3357450,今天没点,202503140932546334P2,20220429RUC01,投稿, 9分钟前,0,0,202503140918194350P1
3357453,推荐江棘老师的戏剧课,202503140933523508P2,20220429RUC01,投稿, 8分钟前,0,0,202503140912189269P1
3357440,谢谢😘,202503140927413602P2,20220429RUC01,投稿, 15分钟前,0,0,202503140904499980P1
3357408,金融学大类是金融，金工，保险，信管四个专业，自由分流任选,202503140920102406P2,20220429RUC01,投稿, 22分钟前,0,0,202503140904499980P1
3357361,请好心的师兄师姐加这个qq🥺3874621612,202503140903318159P2,20220429RUC01,投稿, 39分钟前,0,0,202503140902493432P1
3357456,这大厦避风了。。。。,202503140934469029P2,20220429RUC01,投稿, 7分钟前,0,0,202503140901054041P1
3357441,这大厦避风了。。。。,202503140929231315P2,20220429RUC01,投稿, 13分钟前,0,0,202503140901054041P1
3357435,怎么了,202503140926578022P2,20220429RUC01,投稿, 15分钟前,0,0,202503140901054041P1
3357363,这大厦避风了。。。。,202503140905265873P2,20220429RUC01,投稿, 37分钟前,0,0,202503140901054041P1
3357359,真的很有病……,202503140902416911P2,20220429RUC01,投稿, 40分钟前,0,0,202503140901054041P1
3357384,唉,202503140914350531P2,20220429RUC01,投稿, 28分钟前,0,0,202503140859416139P1
3357350,硕士是这样的,202503140857188891P2,20220429RUC01,投稿, 45分钟前,0,0,202503140852564951P1
3357354,妈宝女,202503140858571205P2,20220429RUC01,投稿, 43分钟前,0,0,202503140846556687P1
3357352,纱布，一脚踹飞等着进局子吧,202503140858019183P2,20220429RUC01,投稿, 44分钟前,0,0,202503140846556687P1
3357349,你告诉父母干嘛，搞不好你妹妹觉得这是情趣呢，你也是他们play的一环,202503140857106081P2,20220429RUC01,投稿, 45分钟前,2,0,202503140846556687P1
3357344,🐟有了，开始浮木怎么办,202503140855154728P2,20220429RUC01,投稿, 47分钟前,1,0,202503140846556687P1
3357335,挺正常的，一些人天生玩的就花,202503140850135925P2,20220429RUC01,投稿, 52分钟前,0,0,202503140846556687P1
3357334,但我真的会喜欢自己对象这么对待自己呢,202503140849431943P2,20220429RUC01,投稿, 53分钟前,0,0,202503140846556687P1
3357333,别钓了,202503140849120691P2,20220429RUC01,投稿, 53分钟前,1,0,202503140846556687P1
3357380,谢谢您，那请问检测肝功肾功血糖血脂要多久呢,202503140914163062P2,20220429RUC01,投稿, 28分钟前,0,0,202503140840362791P1
3357370,血常规1h 甲流2h,202503140908321611P2,20220429RUC01,投稿, 34分钟前,0,0,202503140840362791P1
3357427,上海的富裕不用靠吸血，长江口躺着收钱就好了，江浙一带自古就是繁华的地方。再放眼京津冀，自古以来就是边境，没有平原，缺水不下雨，土地没有营养还容易被入侵，在这里建城，繁华是需要吸取周边的资源的，这就是问题,202503140924215837P2,20220429RUC01,投稿, 18分钟前,0,0,202503140836559446P1
3357420,请你别尬黑，无锡苏州，这俩城市甚至比南京还繁华）,202503140922249172P2,20220429RUC01,投稿, 20分钟前,0,0,202503140836559446P1
3357388,“拱卫京师”,202503140916256369P2,20220429RUC01,投稿, 26分钟前,0,0,202503140836559446P1
3357381,百京的虹吸效应,202503140914227704P2,20220429RUC01,投稿, 28分钟前,0,0,202503140836559446P1
3357342,我记得高中地理分析过。忘了,202503140855028905P2,20220429RUC01,投稿, 47分钟前,0,0,202503140836559446P1
3357412,好嘟好嘟～,202503140921046602P2,20220429RUC01,投稿, 21分钟前,0,0,202503140836097402P1
3357375,中一的包浆豆腐,202503140912332961P2,20220429RUC01,投稿, 30分钟前,0,0,202503140836097402P1
3357312,感谢心软的神们，祝好心的叭友门门4.0！,202503140836362763P2,20220429RUC01,投稿, 1小时前,0,0,202503140836097402P1
3357308,在隔壁华宇,202503140833305966P2,20220429RUC01,投稿, 1小时前,0,0,202503140832425051P1
3357351,富姐缺🐶吗，汪汪汪,202503140857590281P2,20220429RUC01,投稿, 44分钟前,0,0,202503140830007314P1
3357314,外星人多少出,202503140837069234P2,20220429RUC01,投稿, 1小时前,0,0,202503140830007314P1
3357405,已阅,202503140919357856P2,20220429RUC01,投稿, 23分钟前,0,0,202503140823116478P1
3357357,蹲啥 直接来,202503140901493793P2,20220429RUC01,投稿, 41分钟前,0,0,202503140813075787P1
3357336,先蹲蹲,202503140850159446P2,20220429RUC01,投稿, 52分钟前,0,0,202503140813075787P1
3357366,都可以,202503140906124553P2,20220429RUC01,投稿, 36分钟前,0,0,202503140744185771P1
3357365,你是想问支教经验还是选拔经验？,202503140905487428P2,20220429RUC01,投稿, 37分钟前,0,0,202503140744185771P1
3357265,可有偿，请和奶茶,202503140744499676P2,20220429RUC01,投稿, 1小时前,0,0,202503140744185771P1
3357290,边际成本大于边际收益,202503140822550636P2,20220429RUC01,投稿, 1小时前,0,0,202503140740281490P1
3357459,不来点直升机金曲我不是很认可,202503140935525485P2,20220429RUC01,投稿, 7分钟前,0,0,202503140641359398P1
3357457,早安，所有孤独的人,202503140934495458P2,20220429RUC01,投稿, 8分钟前,0,0,202503140641359398P1
3357283,sb北京,202503140811198121P2,20220429RUC01,投稿, 1小时前,0,0,202503140641359398P1
3357268,🖕🏻早安🖕🏻北京🖕🏻,202503140754557328P2,20220429RUC01,投稿, 1小时前,1,0,202503140641359398P1
3357249,早安，金灿荣的助教,202503140722005727P2,20220429RUC01,投稿, 2小时前,0,0,202503140641359398P1
3357248,早ﾉ☀,202503140718072124P2,20220429RUC01,投稿, 2小时前,0,0,202503140641359398P1
3357244,早！,202503140712541017P2,20220429RUC01,投稿, 2小时前,0,0,202503140641359398P1
3357243,お早う,202503140708037551P2,20220429RUC01,投稿, 2小时前,0,0,202503140641359398P1
3357242,早安！,202503140707215160P2,20220429RUC01,投稿, 2小时前,0,0,202503140641359398P1
3357240,早あ,202503140703490400P2,20220429RUC01,投稿, 2小时前,0,0,202503140641359398P1
3357239,旱安,202503140703410379P2,20220429RUC01,投稿, 2小时前,0,0,202503140641359398P1
3357237,别鼠,202503140701424328P2,20220429RUC01,投稿, 2小时前,0,0,202503140641359398P1
3357236,想鼠,202503140700471354P2,20220429RUC01,投稿, 2小时前,0,0,202503140641359398P1
3357232,早安！,202503140648139033P2,20220429RUC01,投稿, 2小时前,0,0,202503140641359398P1
3357231,早安！北京！,202503140643195669P2,20220429RUC01,投稿, 2小时前,0,0,202503140641359398P1
3357294,我也这样，可不可以按下暂停键，可不可以让我缓一下。,202503140824181339P2,20220429RUC01,投稿, 1小时前,0,0,202503140444166565P1
3357245,😇我也，不过我是因为厌恶自己的专业。。,202503140714206593P2,20220429RUC01,投稿, 2小时前,0,0,202503140444166565P1
3357326,在家吃饭,202503140846127355P2,20220429RUC01,投稿, 56分钟前,0,0,202503140317051329P1
3357382,我以为只有我一个人觉得食堂有问题😇本来我只觉得北方做菜习惯放多油和盐不符合我这个南方人的口味，直到吃出几次急性肠胃炎，我就开始以外卖为生了🤮,202503140914242023P2,20220429RUC01,投稿, 28分钟前,0,0,202503140258473281P1
3357329,东一大伙一盘青菜五块钱，到底是谁家学校的大伙这么贵 ，说是什么补贴补不到所有，连大伙青菜的价格这么高，到底是哪里被补贴到了，有人觉得价格贵跑去问xhs的主任，还被阴阳怪气不知柴米贵,202503140846270398P2,20220429RUC01,投稿, 56分钟前,0,0,202503140258473281P1
3357198,讨论食堂问题不要歪楼，别扯别的xdx文理科什么的,202503140311064421P2,20220429RUC01,投稿, 6小时前,0,0,202503140258473281P1
3357197,确实，干净，贵一点大概15r起步,202503140308344446P2,20220429RUC01,投稿, 6小时前,0,0,202503140258473281P1
3357194,北区三楼很不错,202503140307354285P2,20220429RUC01,投稿, 6小时前,0,0,202503140258473281P1
3357192,真的有一天赚够了钱想回老家小农经济自给自足了,202503140307168874P2,20220429RUC01,投稿, 6小时前,1,0,202503140258473281P1
3357189,高中还做过卷子分析预制菜的好处，666，我当时为了14分而折腰，做出了违心的答案,202503140305327997P2,20220429RUC01,投稿, 6小时前,1,0,202503140258473281P1
3357188,笑死了卫生干净的全是预制菜，炒菜的卫生都看起来堪忧，夺命二选一？,202503140304456511P2,20220429RUC01,投稿, 6小时前,0,0,202503140258473281P1
3357186,东区二楼为数不多能吃，不过15r起步,202503140303052129P2,20220429RUC01,投稿, 6小时前,1,0,202503140258473281P1
3357185,中区一楼感觉还可以，二楼卫生不好一楼,202503140302419422P2,20220429RUC01,投稿, 6小时前,0,0,202503140258473281P1
3357184,西区吃了一次风味窗口的刀削面，汤有氯水味，非常难喝,202503140302029686P2,20220429RUC01,投稿, 6小时前,0,0,202503140258473281P1
3357183,第一，东区大伙盘子不干净，第二北一北二大伙从来没去过，因为卫生堪忧，第三，小渝府，有夸父炸串那个南边那个餐厅能吃，感觉干净卫生，不过至少15，18r起步,202503140301033547P2,20220429RUC01,投稿, 6小时前,0,0,202503140258473281P1
3357460,大三弟弟可以吗,202503140936114109P2,20220429RUC01,投稿, 6分钟前,0,0,202503140242439920P1
3357275,1442535680来试试,202503140801049371P2,20220429RUC01,投稿, 1小时前,0,0,202503140242439920P1
3357266,保研失利(其实就差个tope)，考研没上岸(没咋复习)，工作还没找到的我……你要不要,202503140750524977P2,20220429RUC01,投稿, 1小时前,0,0,202503140242439920P1
3357261,形策可以一起搞，我毕业论文还没咋搞😂,202503140740265161P2,20220429RUC01,投稿, 2小时前,0,0,202503140242439920P1
3357206,哈哈 每条都和我一样,202503140334308208P2,20220429RUC01,投稿, 6小时前,0,0,202503140242439920P1
3357279,支援慢容易被单抓,202503140804386730P2,20220429RUC01,投稿, 1小时前,0,0,202503140242180838P1
3357386,不好吗？,202503140915311782P2,20220429RUC01,投稿, 27分钟前,0,0,202503140212500032P1
3357211,挺好的?,202503140434538929P2,20220429RUC01,投稿, 5小时前,0,0,202503140212500032P1
3357208,有时候很爽，有时候没意思,202503140354022837P2,20220429RUC01,投稿, 5小时前,0,0,202503140212500032P1
3357177,花钱吃难吃又不卫生的饭的是这个,202503140243379105P2,20220429RUC01,投稿, 6小时前,0,0,202503140209296385P1
3357176,法师也吃坏肚子了,202503140243140742P2,20220429RUC01,投稿, 6小时前,0,0,202503140209296385P1
3357171,"法师也吃坏肚子了。
",202503140228524758P2,20220429RUC01,投稿, 7小时前,0,0,202503140209296385P1
3357367,比如说呢？,202503140906498447P2,20220429RUC01,投稿, 36分钟前,0,0,202503140203250825P1
3357166,性，心？,202503140212350659P2,20220429RUC01,投稿, 7小时前,0,0,202503140159535303P1
3357156,"但这样 
好像会毁掉我现在的生活",202503140200396738P2,20220429RUC01,投稿, 7小时前,0,0,202503140159535303P1
3357158,不用了,202503140202249119P2,20220429RUC01,投稿, 7小时前,0,0,202503140158356793P1
3357168,男孩们不能输,202503140213530138P2,20220429RUC01,投稿, 7小时前,0,0,202503140153273629P1
3357141,端游,202503140152511618P2,20220429RUC01,投稿, 7小时前,0,0,202503140152216088P1
3357246,别在京内看,202503140714483005P2,20220429RUC01,投稿, 2小时前,0,0,202503140132381050P1
3357241,找工作人家也会看到的，建议找个医院吧,202503140707034057P2,20220429RUC01,投稿, 2小时前,0,0,202503140132381050P1
3357102,不是很在意 不保研,202503140134249779P2,20220429RUC01,投稿, 8小时前,1,0,202503140132381050P1
3357092,留档就不好了,202503140133110311P2,20220429RUC01,投稿, 8小时前,1,0,202503140132381050P1
3357132,不卷就躺平吗 这是我们个人的选择 为什么要对我们的努力指指点点呢 我们也没做什么不好的事情啊 小登,202503140143487081P2,20220429RUC01,投稿, 7小时前,1,0,202503140129511052P1
3357126,可以转，但慎重,202503140140599426P2,20220429RUC01,投稿, 8小时前,2,0,202503140129511052P1
3357124,能差多少，看一看考公岗位就知道了，都是史😊,202503140139432081P2,20220429RUC01,投稿, 8小时前,1,0,202503140129511052P1
3357123,岗位少的可怜😆,202503140139066250P2,20220429RUC01,投稿, 8小时前,1,0,202503140129511052P1
3357122,这是党史，不是历史,202503140138565158P2,20220429RUC01,投稿, 8小时前,1,0,202503140129511052P1
3357120,洞见！,202503140138427061P2,20220429RUC01,投稿, 8小时前,1,0,202503140129511052P1
3357119,学历史的出来能干啥,202503140138414109P2,20220429RUC01,投稿, 8小时前,1,0,202503140129511052P1
3357116,党院还不如马院呢,202503140138262610P2,20220429RUC01,投稿, 8小时前,1,0,202503140129511052P1
3357111,太搞了，风气也不如马院,202503140136307855P2,20220429RUC01,投稿, 8小时前,2,0,202503140129511052P1
3357109,🤣🤣🤣,202503140135496758P2,20220429RUC01,投稿, 8小时前,3,0,202503140129511052P1
3357105,都不知道一天卷什么，高高兴兴念大学来了又不是念高四来了,202503140135271423P2,20220429RUC01,投稿, 8小时前,4,0,202503140129511052P1
3357103,一堆3.8，好几个3.9，无限逼近4.0的那种，还来吗😆,202503140135029721P2,20220429RUC01,投稿, 8小时前,1,0,202503140129511052P1
3357099,3.8+一堆,202503140134087167P2,20220429RUC01,投稿, 8小时前,2,0,202503140129511052P1
3357097,卷死人，异化竟是我自己,202503140133458236P2,20220429RUC01,投稿, 8小时前,1,0,202503140129511052P1
3357096,怎么说啊 比马院卷吗 dang院卷到什么程度 绩点对应排名怎么样,202503140133422474P2,20220429RUC01,投稿, 8小时前,2,0,202503140129511052P1
3357091,千万别来，卷疯了🥲,202503140132569180P2,20220429RUC01,投稿, 8小时前,1,0,202503140129511052P1
3357087,\o/\o/\o/,202503140132136202P2,20220429RUC01,投稿, 8小时前,1,0,202503140129511052P1
3357086,yzh，杨圣！跌！,202503140131593234P2,20220429RUC01,投稿, 8小时前,1,0,202503140129511052P1
3357082,70％保研率焦虑什么，党院已经要自己把自己卷死了，呆在马院不好吗🥹,202503140131375096P2,20220429RUC01,投稿, 8小时前,1,0,202503140129511052P1
3357081,是杨院长吗,202503140131354857P2,20220429RUC01,投稿, 8小时前,1,0,202503140129511052P1
3357080,一片苍茫都不见，知向谁边,202503140131316243P2,20220429RUC01,投稿, 8小时前,1,0,202503140129511052P1
3357079,前途远大，但钱途……,202503140131267867P2,20220429RUC01,投稿, 8小时前,1,0,202503140129511052P1
3357078,快来dang院宝宝  氛围超好有杨圣,202503140131165958P2,20220429RUC01,投稿, 8小时前,1,0,202503140129511052P1
3357077,我听说dang院保研率很高啊. ........羡慕了,202503140131103696P2,20220429RUC01,投稿, 8小时前,1,0,202503140129511052P1
3357075,一片黑暗😆,202503140130414327P2,20220429RUC01,投稿, 8小时前,1,0,202503140129511052P1
3357074,别来dang院，卷死了,202503140130339788P2,20220429RUC01,投稿, 8小时前,1,0,202503140129511052P1
3357159,hyq,202503140202251833P2,20220429RUC01,投稿, 7小时前,1,0,202503140119077255P1
3357095,我也是，抱抱你,202503140133334480P2,20220429RUC01,投稿, 8小时前,1,0,202503140112024003P1
3357040,因为我是肺雾,202503140122424786P2,20220429RUC01,投稿, 8小时前,1,0,202503140112024003P1
3357039,因为她不想在一起了,202503140122282481P2,20220429RUC01,投稿, 8小时前,1,0,202503140112024003P1
3357025,那为什么要分开呢,202503140120561393P2,20220429RUC01,投稿, 8小时前,1,0,202503140112024003P1
3357009,是，看到她换头像,202503140118392031P2,20220429RUC01,投稿, 8小时前,1,0,202503140112024003P1
3356952,有血月嘛我丢 是不是污染太严重了,202503140106547630P2,20220429RUC01,投稿, 8小时前,0,0,202503140106144525P1
3356937,🤣,202503140103467593P2,20220429RUC01,投稿, 8小时前,1,0,202503140059027999P1
3356929,真的吵 上学期就是楼上一直吵大半夜的,202503140102011171P2,20220429RUC01,投稿, 8小时前,2,0,202503140059027999P1
3356928,服了  社会学院怎么都是这种人,202503140101583097P2,20220429RUC01,投稿, 8小时前,2,0,202503140059027999P1
3356927,我出来听了，现在没声音了。,202503140101573801P2,20220429RUC01,投稿, 8小时前,1,0,202503140059027999P1
3356924,唐完了,202503140101264912P2,20220429RUC01,投稿, 8小时前,1,0,202503140059027999P1
3356921,上学期经常拉凳子、打游戏喊叫，吵疯了,202503140100589554P2,20220429RUC01,投稿, 8小时前,1,0,202503140059027999P1
3356919,糖尿病房,202503140100325193P2,20220429RUC01,投稿, 8小时前,1,0,202503140059027999P1
3356916,好像挂一个那个牌子,202503140100213244P2,20220429RUC01,投稿, 8小时前,1,0,202503140059027999P1
3356914,确实吵,202503140100129540P2,20220429RUC01,投稿, 8小时前,1,0,202503140059027999P1
3356913,社会学院吧，习惯了,202503140100067350P2,20220429RUC01,投稿, 8小时前,1,0,202503140059027999P1
3356912,这么吵烦死了,202503140059536482P2,20220429RUC01,投稿, 8小时前,1,0,202503140059027999P1
3356911,糖尿病房,202503140059485455P2,20220429RUC01,投稿, 8小时前,1,0,202503140059027999P1
3356910,社会学院吧,202503140059443247P2,20220429RUC01,投稿, 8小时前,1,0,202503140059027999P1
3357093,你没看懂,202503140133211656P2,20220429RUC01,投稿, 8小时前,1,0,202503140058459069P1
3357090,不客气,202503140132533267P2,20220429RUC01,投稿, 8小时前,1,0,202503140058459069P1
3357083,谢谢,202503140131391644P2,20220429RUC01,投稿, 8小时前,1,0,202503140058459069P1
3357072,您好,202503140130151992P2,20220429RUC01,投稿, 8小时前,1,0,202503140058459069P1
3357067,晚上不睡觉 长痘痘,202503140129408999P2,20220429RUC01,投稿, 8小时前,1,0,202503140058459069P1
3357054,那咋了,202503140125489040P2,20220429RUC01,投稿, 8小时前,1,0,202503140058459069P1
3357051,没有审美吗？,202503140125324131P2,20220429RUC01,投稿, 8小时前,2,0,202503140058459069P1
3357049,🤣🤣🤣,202503140124338812P2,20220429RUC01,投稿, 8小时前,1,0,202503140058459069P1
3357048,那咋了,202503140123521883P2,20220429RUC01,投稿, 8小时前,1,0,202503140058459069P1
3357046,禁止打拳,202503140123358802P2,20220429RUC01,投稿, 8小时前,1,0,202503140058459069P1
3357045,那咋了,202503140123328054P2,20220429RUC01,投稿, 8小时前,1,0,202503140058459069P1
3357044,难绷哦,202503140123134959P2,20220429RUC01,投稿, 8小时前,1,0,202503140058459069P1
3357043,别打拳哈,202503140122535679P2,20220429RUC01,投稿, 8小时前,1,0,202503140058459069P1
3357042,您好，谢谢,202503140122493977P2,20220429RUC01,投稿, 8小时前,1,0,202503140058459069P1
3357038,收收味哈,202503140122221487P2,20220429RUC01,投稿, 8小时前,1,0,202503140058459069P1
3357036,禁止键政,202503140122186536P2,20220429RUC01,投稿, 8小时前,1,0,202503140058459069P1
3357035,怎么这楼一群国楠串子,202503140122168094P2,20220429RUC01,投稿, 8小时前,2,0,202503140058459069P1
3357031,我更喜欢邓公一点,202503140121423730P2,20220429RUC01,投稿, 8小时前,1,0,202503140058459069P1
3357026,好！我完全同意,202503140121088221P2,20220429RUC01,投稿, 8小时前,1,0,202503140058459069P1
3357024,hsh也帅,202503140120564744P2,20220429RUC01,投稿, 8小时前,1,0,202503140058459069P1
3357023,人家勤工俭学呢,202503140120555646P2,20220429RUC01,投稿, 8小时前,1,0,202503140058459069P1
3357022,黝黑邓公,202503140120488018P2,20220429RUC01,投稿, 8小时前,1,0,202503140058459069P1
3357021,别尬黑,202503140120324731P2,20220429RUC01,投稿, 8小时前,1,0,202503140058459069P1
3357016,同意,202503140119555978P2,20220429RUC01,投稿, 8小时前,1,0,202503140058459069P1
3357015,不如陈阳👍,202503140119354407P2,20220429RUC01,投稿, 8小时前,1,0,202503140058459069P1
3357014,有没有人磕邓公的，我是智性恋,202503140119288957P2,20220429RUC01,投稿, 8小时前,1,0,202503140058459069P1
3357012,禁止鉴,202503140119012059P2,20220429RUC01,投稿, 8小时前,1,0,202503140058459069P1
3357007,兔兔也是哦,202503140118370631P2,20220429RUC01,投稿, 8小时前,1,0,202503140058459069P1
3357006,这个我喜欢,202503140117598193P2,20220429RUC01,投稿, 8小时前,1,0,202503140058459069P1
3357004,lcy哥哥呢~,202503140117295213P2,20220429RUC01,投稿, 8小时前,1,0,202503140058459069P1
3357003,l,202503140116590694P2,20220429RUC01,投稿, 8小时前,1,0,202503140058459069P1
3357002,是cy还是lcy,202503140116500019P2,20220429RUC01,投稿, 8小时前,1,0,202503140058459069P1
3357001,不想，不是招桐体质,202503140116457283P2,20220429RUC01,投稿, 8小时前,1,0,202503140058459069P1
3357000,别串了，我还是觉得cy哥哥帅,202503140116187421P2,20220429RUC01,投稿, 8小时前,1,0,202503140058459069P1
3356999,cy确实像那种gay会喜欢的,202503140116059562P2,20220429RUC01,投稿, 8小时前,1,0,202503140058459069P1
3356998,蹲蹲,202503140115579331P2,20220429RUC01,投稿, 8小时前,1,0,202503140058459069P1
3356997,别串了,202503140115527503P2,20220429RUC01,投稿, 8小时前,1,0,202503140058459069P1
3356996,本院的0吗,202503140115359873P2,20220429RUC01,投稿, 8小时前,1,0,202503140058459069P1
3356995,这个太搞了,202503140115331489P2,20220429RUC01,投稿, 8小时前,1,0,202503140058459069P1
3356994,什么瓜,202503140115237904P2,20220429RUC01,投稿, 8小时前,1,0,202503140058459069P1
3356993,细说,202503140115174167P2,20220429RUC01,投稿, 8小时前,1,0,202503140058459069P1
3356992,不至于,202503140115008323P2,20220429RUC01,投稿, 8小时前,1,0,202503140058459069P1
3356991,似乎有0也喜欢）,202503140114526910P2,20220429RUC01,投稿, 8小时前,1,0,202503140058459069P1
3356990,哦 牛,202503140114481349P2,20220429RUC01,投稿, 8小时前,1,0,202503140058459069P1
3356989,🥹,202503140114465044P2,20220429RUC01,投稿, 8小时前,1,0,202503140058459069P1
3356988,你要被盒了,202503140114411751P2,20220429RUC01,投稿, 8小时前,1,0,202503140058459069P1
3356987,早脱了，您已经落后啦🤣🤣,202503140114136637P2,20220429RUC01,投稿, 8小时前,1,0,202503140058459069P1
3356984,好像好几个女朋友,202503140113577177P2,20220429RUC01,投稿, 8小时前,1,0,202503140058459069P1
3356983,如有,202503140113296595P2,20220429RUC01,投稿, 8小时前,1,0,202503140058459069P1
3356982,啊 我刚听说他不是单身吗 脱单啦？,202503140113175553P2,20220429RUC01,投稿, 8小时前,1,0,202503140058459069P1
3356981,我老婆,202503140112564902P2,20220429RUC01,投稿, 8小时前,1,0,202503140058459069P1
3356980,疯狂汪汪狗吗,202503140112393709P2,20220429RUC01,投稿, 8小时前,1,0,202503140058459069P1
3356979,实名上网,202503140112310209P2,20220429RUC01,投稿, 8小时前,1,0,202503140058459069P1
3356978,我老公,202503140112236241P2,20220429RUC01,投稿, 8小时前,1,0,202503140058459069P1
3356977,帅哥,202503140112114612P2,20220429RUC01,投稿, 8小时前,1,0,202503140058459069P1
3356974,这位是？,202503140111477741P2,20220429RUC01,投稿, 8小时前,1,0,202503140058459069P1
3356973,老冯,202503140111430394P2,20220429RUC01,投稿, 8小时前,1,0,202503140058459069P1
3356972,🤣🤣🤣🤣😂😂😂😂👉👈,202503140111433137P2,20220429RUC01,投稿, 8小时前,1,0,202503140058459069P1
3356969,hrgg,202503140110577259P2,20220429RUC01,投稿, 8小时前,1,0,202503140058459069P1
3356968,啊呀,202503140110458263P2,20220429RUC01,投稿, 8小时前,1,0,202503140058459069P1
3356967,burning,202503140110428932P2,20220429RUC01,投稿, 8小时前,1,0,202503140058459069P1
3356966,巨,202503140110332652P2,20220429RUC01,投稿, 8小时前,1,0,202503140058459069P1
3356965,😆🤣🤣🤣,202503140110265187P2,20220429RUC01,投稿, 8小时前,1,0,202503140058459069P1
3356964,陈阳,202503140110224065P2,20220429RUC01,投稿, 8小时前,1,0,202503140058459069P1
3356963,csq,202503140109513674P2,20220429RUC01,投稿, 8小时前,1,0,202503140058459069P1
3356962,邓公,202503140109440916P2,20220429RUC01,投稿, 8小时前,0,0,202503140058459069P1
3356960,爹,202503140108505187P2,20220429RUC01,投稿, 8小时前,1,0,202503140058459069P1
3356959,恩！情！,202503140108420841P2,20220429RUC01,投稿, 8小时前,0,0,202503140058459069P1
3356958,跌！杨圣您怎么来了✋😭🤚,202503140108281766P2,20220429RUC01,投稿, 8小时前,1,0,202503140058459069P1
3356957,杨圣,202503140108208328P2,20220429RUC01,投稿, 8小时前,1,0,202503140058459069P1
3356954,yzh,202503140107520524P2,20220429RUC01,投稿, 8小时前,1,0,202503140058459069P1
3356948,欲盖弥彰,202503140106071689P2,20220429RUC01,投稿, 8小时前,1,0,202503140058459069P1
3356947,此话题结束,202503140105260573P2,20220429RUC01,投稿, 8小时前,1,0,202503140058459069P1
3356943,正确的✅,202503140104589643P2,20220429RUC01,投稿, 8小时前,1,0,202503140058459069P1
3356934,太权威了,202503140103010783P2,20220429RUC01,投稿, 8小时前,1,0,202503140058459069P1
3356933,hd,202503140102581264P2,20220429RUC01,投稿, 8小时前,1,0,202503140058459069P1
3356931,👍,202503140102446013P2,20220429RUC01,投稿, 8小时前,1,0,202503140058459069P1
3356923,lsy,202503140101221503P2,20220429RUC01,投稿, 8小时前,2,0,202503140058459069P1
3356917,🤣🤣🤣,202503140100269452P2,20220429RUC01,投稿, 8小时前,1,0,202503140058459069P1
3356915,lql,202503140100165741P2,20220429RUC01,投稿, 8小时前,1,0,202503140058459069P1
3356909,lcy,202503140059405089P2,20220429RUC01,投稿, 8小时前,1,0,202503140058459069P1
3356908,疯狂汪汪狗,202503140059260597P2,20220429RUC01,投稿, 8小时前,1,0,202503140058459069P1
3356903,李畅宇,202503140058594508P2,20220429RUC01,投稿, 8小时前,1,0,202503140058459069P1
3357233,黄圣依,202503140653230309P2,20220429RUC01,投稿, 2小时前,0,0,202503140055546000P1
3357179,细说,202503140245086980P2,20220429RUC01,投稿, 6小时前,0,0,202503140055546000P1
3357011,这是唯一真神,202503140119009257P2,20220429RUC01,投稿, 8小时前,1,0,202503140055546000P1
3356956,hsy,202503140108061698P2,20220429RUC01,投稿, 8小时前,2,0,202503140055546000P1
3356941,ylz,202503140104307593P2,20220429RUC01,投稿, 8小时前,1,0,202503140055546000P1
3356939,hty,202503140104109420P2,20220429RUC01,投稿, 8小时前,1,0,202503140055546000P1
3356893,没方式说集贸,202503140056552851P2,20220429RUC01,投稿, 8小时前,1,0,202503140055546000P1
3356890,原来身体健康了真的能轻易获得很多幸福,202503140056384203P2,20220429RUC01,投稿, 8小时前,1,0,202503140053117640P1
3356882,真棒  我要向你学习,202503140055577041P2,20220429RUC01,投稿, 8小时前,0,0,202503140053117640P1
3356879,谢谢你，感觉尸体暖暖的,202503140055409866P2,20220429RUC01,投稿, 8小时前,0,0,202503140053117640P1
3356875,在路上走着感受空气和阳光，就是一种快乐了🥰,202503140054499458P2,20220429RUC01,投稿, 8小时前,0,0,202503140053117640P1
3357471,我两不会是情敌吧，是助教吗,202503140940250162P2,20220429RUC01,投稿, 2分钟前,0,0,202503140048294993P1
3357144,找乐子,202503140155228689P2,20220429RUC01,投稿, 7小时前,0,0,202503140048294993P1
3357125,有钱有房有车她自己会上钩的,202503140140101642P2,20220429RUC01,投稿, 8小时前,1,0,202503140048294993P1
3357107,博士会很好追,202503140135338094P2,20220429RUC01,投稿, 8小时前,1,0,202503140048294993P1
3357146,沙,202503140157028672P2,20220429RUC01,投稿, 7小时前,0,0,202503140048278724P1
3356930,"多磕一点康纳和汉克心情会好起来的（bushi
",202503140102271227P2,20220429RUC01,投稿, 8小时前,1,0,202503140048278724P1
3356925,那可以开启杀神模式（,202503140101387210P2,20220429RUC01,投稿, 8小时前,0,0,202503140048278724P1
3357234,🦶大读研出来大概率还是省厅以下，不如现在一步到位,202503140655124070P2,20220429RUC01,投稿, 2小时前,0,0,202503140048172809P1
3357163,大家不要理三楼，骂他他反而还高兴,202503140205597631P2,20220429RUC01,投稿, 7小时前,3,0,202503140048172809P1
3356955,女人干嘛还想强势厅，乖乖带小孩得了,202503140107557311P2,20220429RUC01,投稿, 8小时前,0,0,202503140048172809P1
3356932,同意一楼，既然会纠结，无法担心以后会有更好的，但是与其错过更好的，碰到不如现在的会让我更后悔,202503140102511088P2,20220429RUC01,投稿, 8小时前,0,0,202503140048172809P1
3356855,你读完研还是纠结这个问题，所以我建议是不读,202503140050472315P2,20220429RUC01,投稿, 8小时前,0,0,202503140048172809P1
3357319,大帅,202503140842274314P2,20220429RUC01,投稿, 1小时前,0,0,202503140044163695P1
3357296,拍拍,202503140824497478P2,20220429RUC01,投稿, 1小时前,0,0,202503140044163695P1
3356832,😭,202503140045510548P2,20220429RUC01,投稿, 8小时前,0,0,202503140044163695P1
3357215,追星吗,202503140437349546P2,20220429RUC01,投稿, 5小时前,0,0,202503140044029439P1
3357162,展开讲讲,202503140205189074P2,20220429RUC01,投稿, 7小时前,0,0,202503140044029439P1
3357165,"坏了，我就是问个情绪是天生的还是认知幻觉，就成硅基生命了？还要认知革命量子观察霍金辐射升维奇点？
给我整笑了",202503140211520733P2,20220429RUC01,投稿, 7小时前,0,0,202503140031064595P1
3357106,就是问着问着，就转向宇宙了，我要是按照他的建议做了，感觉会从一般孤僻到古怪极了，下一个AI就是我。。。,202503140135327019P2,20220429RUC01,投稿, 8小时前,0,0,202503140031064595P1
3356776,东六五层同问，吵死了,202503140030260790P2,20220429RUC01,投稿, 9小时前,0,0,202503140022387924P1
3357115,中肯的,202503140138182505P2,20220429RUC01,投稿, 8小时前,0,0,202503140019064747P1
3356805,？对不起集贸，如果只是你说的这些你有什么对不起的？你就跟这男的说了两句话又没做越距的事，别搞这种自嬷文学了，赶紧告诉你姐吧，我看你也不太正常，跟编故事似的,202503140039214220P2,20220429RUC01,投稿, 9小时前,0,0,202503140019064747P1
3356792,bro以为自己是日漫男主以为自己可以开后宫,202503140036452569P2,20220429RUC01,投稿, 9小时前,2,0,202503140019064747P1
3356788,"后悔看完了
",202503140036055759P2,20220429RUC01,投稿, 9小时前,0,0,202503140019064747P1
3356785,草把lz当成男的看完的…显然受到了更多莫须有的震撼,202503140034357502P2,20220429RUC01,投稿, 9小时前,0,0,202503140019064747P1
3356773,简单，你俩一块儿上就完了,202503140029472467P2,20220429RUC01,投稿, 9小时前,0,0,202503140019064747P1
3356771,可能是北方有暖气（……？）在室内吃饭会脱外套的吧,202503140028579688P2,20220429RUC01,投稿, 9小时前,0,0,202503140019064747P1
3356764,什么半夜一帘幽梦,202503140025156476P2,20220429RUC01,投稿, 9小时前,0,0,202503140019064747P1
3356762,难绷，这种男的不赶紧踹走等着被吃姐妹盖饭,202503140023104717P2,20220429RUC01,投稿, 9小时前,0,0,202503140019064747P1
3356759,？你没有做对不起你姐的事，但这个男的不能要了,202503140022255381P2,20220429RUC01,投稿, 9小时前,0,0,202503140019064747P1
3356756,啊啊啊 穿好衣服是什么意思,202503140020085701P2,20220429RUC01,投稿, 9小时前,1,0,202503140019064747P1
3357161,可以啊,202503140203468809P2,20220429RUC01,投稿, 7小时前,0,0,202503140017243072P1
3356902,spss au 在线网站,202503140058512192P2,20220429RUC01,投稿, 8小时前,0,0,202503140017243072P1
3356891,水浒传,202503140056394171P2,20220429RUC01,投稿, 8小时前,0,0,202503140016503175P1
3356877,裆史和革铭史,202503140055010125P2,20220429RUC01,投稿, 8小时前,0,0,202503140016503175P1
3356828,三国演义,202503140044332592P2,20220429RUC01,投稿, 8小时前,0,0,202503140016503175P1
3356743,可能不同地方不一样,202503140013544016P2,20220429RUC01,投稿, 9小时前,0,0,202503140010325891P1
3356742,lztm正找着数据呢小恐龙就蹦出来了😅😅真是气死了,202503140013415422P2,20220429RUC01,投稿, 9小时前,0,0,202503140010325891P1
3356741,为啥我还有？,202503140013299668P2,20220429RUC01,投稿, 9小时前,0,0,202503140010325891P1
3356737,12点突然就没了到现在也没有,202503140012529090P2,20220429RUC01,投稿, 9小时前,0,0,202503140010325891P1
3357469,太宰先生😍😍😍！太宰先生就算是【bi——】也是最好的！！！,202503140938599886P2,20220429RUC01,投稿, 4分钟前,0,0,202503140003322700P1
3357466,漂亮。确实。不仅漂亮嗓门儿还好,202503140938120501P2,20220429RUC01,投稿, 5分钟前,0,0,202503140003322700P1
3357463,原来大家都这么晚都还没睡啊,202503140937468387P2,20220429RUC01,投稿, 5分钟前,0,0,202503140003322700P1
3356853,太宰治，侦探社时期的真的又帅又温柔,202503140050308405P2,20220429RUC01,投稿, 8小时前,0,0,202503140003322700P1
3356796,大小姐剧场版屠龙真的把我帅晕,202503140037455567P2,20220429RUC01,投稿, 9小时前,0,0,202503140003322700P1
3356795,Chuuya。漂亮。我喜欢大小姐又强又帅,202503140037270723P2,20220429RUC01,投稿, 9小时前,0,0,202503140003322700P1
3357284,D,202503140811245566P2,20220429RUC01,投稿, 1小时前,0,0,202503140003008662P1
3357130,不完全吧🤔应该是子集,202503140142024421P2,20220429RUC01,投稿, 8小时前,0,0,202503140003008662P1
3357127,C,202503140141094518P2,20220429RUC01,投稿, 8小时前,0,0,202503140003008662P1
3357027,C 逆否命题,202503140121087655P2,20220429RUC01,投稿, 8小时前,0,0,202503140003008662P1
3356935,C，前提和结论有俩50，那中间条件应该要有其他两个变量（A的话都是肯定应该推不出来否定 B没有200，D不知道咋秒排除，但是看一眼应该能看出来范围描述的不对）,202503140103246757P2,20220429RUC01,投稿, 8小时前,0,0,202503140003008662P1
3356781,羡慕脑子好的uu🥺,202503140033194647P2,20220429RUC01,投稿, 9小时前,0,0,202503140003008662P1
3356772,秒c，50与200是等量的，参加过其中一个就意味着一定参加过另一个,202503140029132509P2,20220429RUC01,投稿, 9小时前,0,0,202503140003008662P1
3356750,B是秒叉出去的😹,202503140018332118P2,20220429RUC01,投稿, 9小时前,0,0,202503140003008662P1
3356738,选B,202503140012582086P2,20220429RUC01,投稿, 9小时前,0,0,202503140003008662P1
3356791,打110,202503140036450945P2,20220429RUC01,投稿, 9小时前,1,0,202503140002174145P1
3356731,这没法举报吧…举报了以后不尴尬吗，最好是和大家好好委婉沟通吧,202503140011342949P2,20220429RUC01,投稿, 9小时前,0,0,202503140002174145P1
3356898,输入啥指令呀,202503140057595016P2,20220429RUC01,投稿, 8小时前,0,0,202503140000122472P1
3356775,ds,202503140030247385P2,20220429RUC01,投稿, 9小时前,0,0,202503140000122472P1
3356787,cj,202503140035382035P2,20220429RUC01,投稿, 9小时前,0,0,202503132357458733P1
3356768,还都是0哈哈哈哈哈哈哈哈哈,202503140028148270P2,20220429RUC01,投稿, 9小时前,0,0,202503132357458733P1
3356730,比例差不多吧，什么院人多什么院就多,202503140011021751P2,20220429RUC01,投稿, 9小时前,0,0,202503132357458733P1
3356717,法,202503140006116145P2,20220429RUC01,投稿, 9小时前,0,0,202503132357458733P1
3356698,法,202503140001370708P2,20220429RUC01,投稿, 9小时前,0,0,202503132357458733P1
3356685,只要是上过的课程成绩都无法替代,202503132357268182P2,20220429RUC01,投稿, 9小时前,0,0,202503132353450639P1
3356678,怎么可能,202503132355334085P2,20220429RUC01,投稿, 9小时前,0,0,202503132353450639P1
3356716,不怕睡觉的时候被拿刀子捅就行,202503140005314214P2,20220429RUC01,投稿, 9小时前,0,0,202503132351202428P1
3356680,"跟他说一下吧
",202503132355438886P2,20220429RUC01,投稿, 9小时前,0,0,202503132351202428P1
3356765,还没建群，可以加我QQ1569192624,202503140026260728P2,20220429RUC01,投稿, 9小时前,0,0,202503132345404932P1
3356696,对哲学的逻辑部分感兴趣可以举手手吗，要不直接群码发出来吧,202503140000452464P2,20220429RUC01,投稿, 9小时前,1,0,202503132345404932P1
3356664,对,202503132349572994P2,20220429RUC01,投稿, 9小时前,0,0,202503132345404932P1
3356663,好的，谢谢你，不过我可能更想找一群志同道合的人，而不是单纯学东西,202503132349496834P2,20220429RUC01,投稿, 9小时前,0,0,202503132345404932P1
3356661,是王阳明的心学吗？,202503132349337551P2,20220429RUC01,投稿, 9小时前,0,0,202503132345404932P1
3356655,樊力行哲学功底深厚，绩点除了英文全部满，可以找他探讨,202503132346480917P2,20220429RUC01,投稿, 9小时前,2,0,202503132345404932P1
3356651,要是没有就算了，不知道算不算小众,202503132346119941P2,20220429RUC01,投稿, 9小时前,0,0,202503132345404932P1
3357084,蹲,202503140131421757P2,20220429RUC01,投稿, 8小时前,0,0,202503132344597302P1
3356758,ffn,202503140021382534P2,20220429RUC01,投稿, 9小时前,0,0,202503132342404353P1
3356635,多说几次。,202503132343234912P2,20220429RUC01,投稿, 10小时前,0,0,202503132340017754P1
3356633,去泡脚,202503132343043459P2,20220429RUC01,投稿, 10小时前,0,0,202503132340017754P1
3356940,期末就是50分作业题原题+不超过10分的极其简单的新题+两道莫名其妙的分析题40分 最后平时和期末给分也是随机的吹风机给分3.7/4.0（除非你分析题分析的很好 但是什么叫好也是很随机的,202503140104137860P2,20220429RUC01,投稿, 8小时前,0,0,202503132335298351P1
3356740,韩国社团前段时间开过团购，好像每学期开一次,202503140013176311P2,20220429RUC01,投稿, 9小时前,0,0,202503132325258312P1
3356670,是这款吗,202503132353119724P2,20220429RUC01,投稿, 9小时前,0,0,202503132325258312P1
3356665,在东门外文化大厦里面有人大文创店，应该比礼念小程序里面的好看,202503132351067919P2,20220429RUC01,投稿, 9小时前,0,0,202503132325258312P1
3356565,同问，想买,202503132329187104P2,20220429RUC01,投稿, 10小时前,0,0,202503132325258312P1
3356961,哦哈呦学妹被白眼前的幻想罢了,202503140108591465P2,20220429RUC01,投稿, 8小时前,0,0,202503132320040553P1
3356687,偶哈有学妹,202503132357479003P2,20220429RUC01,投稿, 9小时前,0,0,202503132320040553P1
3356570,深以为然,202503132330157510P2,20220429RUC01,投稿, 10小时前,0,0,202503132320040553P1
3356553,还真是,202503132324407911P2,20220429RUC01,投稿, 10小时前,0,0,202503132320040553P1
3356551,多出联通癖和性倒错,202503132324224376P2,20220429RUC01,投稿, 10小时前,1,0,202503132320040553P1
3356550,深以为然,202503132323482837P2,20220429RUC01,投稿, 10小时前,0,0,202503132320040553P1
3356548,蛤？,202503132323359718P2,20220429RUC01,投稿, 10小时前,0,0,202503132320040553P1
3356713,屠夫玩家路过,202503140004351604P2,20220429RUC01,投稿, 9小时前,0,0,202503132319151526P1
3356652,哈哈哈哈id：67985014,202503132346119827P2,20220429RUC01,投稿, 9小时前,0,0,202503132319151526P1
3356580,留号,202503132332338886P2,20220429RUC01,投稿, 10小时前,0,0,202503132319151526P1
3357258,没有艾草味好像是因为用的麦青粉之类调的色，正常青团得用艾草汁/艾草碎，但可能对食堂来说成本高了吧（不知道市价多少，我的记忆只停留在小时候和奶奶去采艾草了）所以相比之下我还是更喜欢吃蛋黄肉松的）当作糯米皮包蛋黄肉松好了hh,202503140736032250P2,20220429RUC01,投稿, 2小时前,0,0,202503132313216102P1
3357257,巧克力我觉得一般般）对我来说有点甜,202503140734248545P2,20220429RUC01,投稿, 2小时前,0,0,202503132313216102P1
3357247,青团都没有艾草味……主任小红书的评论区也都在说这一点，你吃过正宗的吗？,202503140717015589P2,20220429RUC01,投稿, 2小时前,0,0,202503132313216102P1
3356826,玫瑰的好吃，跟云南鲜花饼很像,202503140044200142P2,20220429RUC01,投稿, 8小时前,0,0,202503132313216102P1
3356818,？ 最喜欢吃这个皮,202503140042598703P2,20220429RUC01,投稿, 9小时前,0,0,202503132313216102P1
3356572,点了，皮真的不好吃，求推荐好吃的,202503132330348974P2,20220429RUC01,投稿, 10小时前,0,0,202503132313216102P1
3356567,皮一点都不正宗，不如面包店的，甚至不如便利店里沈大成的,202503132329206972P2,20220429RUC01,投稿, 10小时前,0,0,202503132313216102P1
3356554,奶酪的也是,202503132324527810P2,20220429RUC01,投稿, 10小时前,0,0,202503132313216102P1
3356552,一般，那个芝士香精味很重,202503132324355288P2,20220429RUC01,投稿, 10小时前,0,0,202503132313216102P1
3356546,"不知道，但我目前觉得玫瑰的超好吃
",202503132322509961P2,20220429RUC01,投稿, 10小时前,0,0,202503132313216102P1
3357475,x文j还行,202503140940557663P2,20220429RUC01,投稿, 2分钟前,0,0,202503132312172962P1
3357474,上海鹏哥了解一下,202503140940547943P2,20220429RUC01,投稿, 2分钟前,0,0,202503132312172962P1
3357461,别骗lz呜呜呜,202503140936474806P2,20220429RUC01,投稿, 6分钟前,0,0,202503132312172962P1
3357448,确实啊，一米九八块腹肌，很顶,202503140932094349P2,20220429RUC01,投稿, 11分钟前,0,0,202503132312172962P1
3357445,那肯定得是我们xwj了,202503140931378271P2,20220429RUC01,投稿, 12分钟前,0,0,202503132312172962P1
3357444,肖wj,202503140931147571P2,20220429RUC01,投稿, 12分钟前,0,0,202503132312172962P1
3356624,同学你敢说就行哟～,202503132340256166P2,20220429RUC01,投稿, 10小时前,0,0,202503132312172962P1
3356604,zrl 我好喜欢可是是直的,202503132336408676P2,20220429RUC01,投稿, 10小时前,0,0,202503132312172962P1
3356590,"
xjc",202503132334252299P2,20220429RUC01,投稿, 10小时前,0,0,202503132312172962P1
3356547,ljp,202503132323167385P2,20220429RUC01,投稿, 10小时前,0,0,202503132312172962P1
3356540,23届lmj纯明星长相,202503132320168791P2,20220429RUC01,投稿, 10小时前,1,0,202503132312172962P1
3357062,emo三部曲,202503140128002878P2,20220429RUC01,投稿, 8小时前,1,0,202503132310336556P1
3357061,狩猎,202503140127519434P2,20220429RUC01,投稿, 8小时前,1,0,202503132310336556P1
3357060,超脱,202503140127450373P2,20220429RUC01,投稿, 8小时前,1,0,202503132310336556P1
3357059,海边的曼彻斯特,202503140127416043P2,20220429RUC01,投稿, 8小时前,1,0,202503132310336556P1
3357030,花束般的恋爱,202503140121351499P2,20220429RUC01,投稿, 8小时前,0,0,202503132310336556P1
3356669,照照镜子回顾自己的一生就是最大的be了（手动狗头）,202503132352551004P2,20220429RUC01,投稿, 9小时前,0,0,202503132310336556P1
3356658,萤火之森,202503132348146318P2,20220429RUC01,投稿, 9小时前,0,0,202503132310336556P1
3356559,新海诚早期作品（言叶之庭以前）,202503132326356204P2,20220429RUC01,投稿, 10小时前,0,0,202503132310336556P1
3356534,请以你的名字呼唤我,202503132319087583P2,20220429RUC01,投稿, 10小时前,0,0,202503132310336556P1
3356513,靠！当时看这个最后气死我了www,202503132312237949P2,20220429RUC01,投稿, 10小时前,0,0,202503132310336556P1
3356510,二十五二十一,202503132312063582P2,20220429RUC01,投稿, 10小时前,0,0,202503132310336556P1
3356577,啥意思,202503132331346188P2,20220429RUC01,投稿, 10小时前,0,0,202503132307594774P1
3356527,勾出今天这么早回啊,202503132316306728P2,20220429RUC01,投稿, 10小时前,0,0,202503132307594774P1
3357033,每周三计协义诊,202503140121483262P2,20220429RUC01,投稿, 8小时前,0,0,202503132306082472P1
3356613,分盘，把 d 盘的空间分点给 c 盘,202503132338064865P2,20220429RUC01,投稿, 10小时前,0,0,202503132306082472P1
3356532,或者设置 系统 存储，能看到哪些东西占得多,202503132318103895P2,20220429RUC01,投稿, 10小时前,0,0,202503132306082472P1
3356526,（如果你没有改过下面这些的存放位置）桌面上的文件，文档里各个软件的东西尤其是QQ微信聊天记录，下载里的东西,202503132316097102P2,20220429RUC01,投稿, 10小时前,0,0,202503132306082472P1
3356496,经济金融知识扎实，愿意学习，熟悉Stata和实证分析，以及能熟练使用wind、国泰安等数据库的优先,202503132307444822P2,20220429RUC01,投稿, 10小时前,0,0,202503132305205830P1
3356490,有意者联系q1870879540,202503132305333806P2,20220429RUC01,投稿, 10小时前,0,0,202503132305205830P1
3356535,patpat 换个角度 有的时候一个人也挺好的,202503132319147173P2,20220429RUC01,投稿, 10小时前,0,0,202503132300425744P1
3356502,女t也不容易啊,202503132308539549P2,20220429RUC01,投稿, 10小时前,0,0,202503132300425744P1
3356485,为什么男t这么难谈到真心的。,202503132303119826P2,20220429RUC01,投稿, 10小时前,1,0,202503132300425744P1
3356482,和我谈,202503132302297042P2,20220429RUC01,投稿, 10小时前,0,0,202503132300425744P1
3357374,认真的？,202503140912221006P2,20220429RUC01,投稿, 31分钟前,1,0,202503132257337556P1
3357071,佰人王,202503140130108981P2,20220429RUC01,投稿, 8小时前,1,0,202503132257337556P1
3357065,串串香,202503140129092808P2,20220429RUC01,投稿, 8小时前,1,0,202503132257337556P1
3357064,好像还真是,202503140129072430P2,20220429RUC01,投稿, 8小时前,1,0,202503132257337556P1
3357058,串串来了,202503140127348034P2,20220429RUC01,投稿, 8小时前,1,0,202503132257337556P1
3357057,别串了,202503140127086004P2,20220429RUC01,投稿, 8小时前,1,0,202503132257337556P1
3357056,是宝宝,202503140127073097P2,20220429RUC01,投稿, 8小时前,1,0,202503132257337556P1
3357055,22级有吗,202503140126388760P2,20220429RUC01,投稿, 8小时前,1,0,202503132257337556P1
3357053,👉,202503140125473875P2,20220429RUC01,投稿, 8小时前,1,0,202503132257337556P1
3357052,这莫晚都不睡小心明天长痘痘,202503140125447077P2,20220429RUC01,投稿, 8小时前,1,0,202503132257337556P1
3357047,有...有吗...,202503140123494021P2,20220429RUC01,投稿, 8小时前,1,0,202503132257337556P1
3356986,xql,202503140114084500P2,20220429RUC01,投稿, 8小时前,1,0,202503132257337556P1
3356953,lyy可爱捏☺,202503140107364143P2,20220429RUC01,投稿, 8小时前,1,0,202503132257337556P1
3356944,杨！圣！的恩情还不完啊还不完🖐🏻😭🖐🏻✍🏻✍🏻✍🏻✍🏻,202503140105064582P2,20220429RUC01,投稿, 8小时前,1,0,202503132257337556P1
3356906,天不生我杨圣，党院万古如长夜,202503140059132296P2,20220429RUC01,投稿, 8小时前,3,0,202503132257337556P1
3356897,杨！圣！,202503140057313178P2,20220429RUC01,投稿, 8小时前,1,0,202503132257337556P1
3356896,xsl,202503140057163769P2,20220429RUC01,投稿, 8小时前,1,0,202503132257337556P1
3356895,\o/\o/\o/\o/,202503140057121175P2,20220429RUC01,投稿, 8小时前,1,0,202503132257337556P1
3356894,爹爹,202503140057050678P2,20220429RUC01,投稿, 8小时前,1,0,202503132257337556P1
3356892,参见杨圣,202503140056425475P2,20220429RUC01,投稿, 8小时前,1,0,202503132257337556P1
3356889,跌！杨圣！✋😭🤚,202503140056342986P2,20220429RUC01,投稿, 8小时前,1,0,202503132257337556P1
3356888,杨圣,202503140056280407P2,20220429RUC01,投稿, 8小时前,1,0,202503132257337556P1
3356887,杨！圣！,202503140056236192P2,20220429RUC01,投稿, 8小时前,1,0,202503132257337556P1
3356885,杨圣,202503140056066929P2,20220429RUC01,投稿, 8小时前,1,0,202503132257337556P1
3356884,爹,202503140055588568P2,20220429RUC01,投稿, 8小时前,2,0,202503132257337556P1
3356883,老师这么高强度冲浪,202503140055577008P2,20220429RUC01,投稿, 8小时前,1,0,202503132257337556P1
3356878,yzh,202503140055357965P2,20220429RUC01,投稿, 8小时前,2,0,202503132257337556P1
3356876,同学们大半夜都不睡吗？下次上我课别打瞌睡🥲,202503140054551748P2,20220429RUC01,投稿, 8小时前,2,0,202503132257337556P1
3356871,cyt,202503140053276377P2,20220429RUC01,投稿, 8小时前,1,0,202503132257337556P1
3356870,芭乐拔染,202503140053246098P2,20220429RUC01,投稿, 8小时前,1,0,202503132257337556P1
3356869,🉑,202503140053193834P2,20220429RUC01,投稿, 8小时前,1,0,202503132257337556P1
3356867,八乐八然,202503140052410654P2,20220429RUC01,投稿, 8小时前,1,0,202503132257337556P1
3356865,那我匿了,202503140052104266P2,20220429RUC01,投稿, 8小时前,1,0,202503132257337556P1
3356864,候jn🥰,202503140052088603P2,20220429RUC01,投稿, 8小时前,1,0,202503132257337556P1
3356863,君们以为然否,202503140052049557P2,20220429RUC01,投稿, 8小时前,0,0,202503132257337556P1
3356860,😇😇🤣🤣服了,202503140051366797P2,20220429RUC01,投稿, 8小时前,1,0,202503132257337556P1
3356859,记得没事偷着乐,202503140051341553P2,20220429RUC01,投稿, 8小时前,2,0,202503132257337556P1
3356852,zcx,202503140050123186P2,20220429RUC01,投稿, 8小时前,1,0,202503132257337556P1
3356851,当院不是小院吗 哪有这么多人,202503140049557972P2,20220429RUC01,投稿, 8小时前,1,0,202503132257337556P1
3356847,行的,202503140048326672P2,20220429RUC01,投稿, 8小时前,1,0,202503132257337556P1
3356844,😍😍😍😍😍,202503140048273357P2,20220429RUC01,投稿, 8小时前,1,0,202503132257337556P1
3356842,谢谢你 好人 帮我整理了,202503140048058146P2,20220429RUC01,投稿, 8小时前,1,0,202503132257337556P1
3356841,那咋了,202503140047579740P2,20220429RUC01,投稿, 8小时前,1,0,202503132257337556P1
3356840,谢谢你 我现在才知道作业这么多,202503140047354502P2,20220429RUC01,投稿, 8小时前,1,0,202503132257337556P1
3356839,🤣🤣🤣🤣🤣🤣🤣🤣🤣🤣🤣🤣,202503140047313849P2,20220429RUC01,投稿, 8小时前,1,0,202503132257337556P1
3356837,你说得对，但是马政党有小组pre＋期末考，论文课有小组pre两次＋期末考＋一篇论文＋研修营论文，文献课有8000字论文，政治学概论有读书报告＋期末考，军理课有小组pre＋期末考，近代思想史有读书报告＋期末考，哈哈😄别忘了四六级topeb期中期末考以及千奇百怪的选修课,202503140046476765P2,20220429RUC01,投稿, 8小时前,1,0,202503132257337556P1
3356835,小玉米,202503140046325982P2,20220429RUC01,投稿, 8小时前,1,0,202503132257337556P1
3356833,好像有个姐姐xhs有号,202503140045594131P2,20220429RUC01,投稿, 8小时前,1,0,202503132257337556P1
3356830,晓雯～,202503140045012780P2,20220429RUC01,投稿, 8小时前,1,0,202503132257337556P1
3356829,有djc的瓜吗,202503140044572037P2,20220429RUC01,投稿, 8小时前,1,0,202503132257337556P1
3356827,hps,202503140044253327P2,20220429RUC01,投稿, 8小时前,1,0,202503132257337556P1
3356824,这个是真神,202503140044074397P2,20220429RUC01,投稿, 8小时前,1,0,202503132257337556P1
3356821,难绷,202503140043367557P2,20220429RUC01,投稿, 9小时前,1,0,202503132257337556P1
3356820,想吃,202503140043254705P2,20220429RUC01,投稿, 9小时前,1,0,202503132257337556P1
3356817,你是真饿了🤣,202503140042532483P2,20220429RUC01,投稿, 9小时前,1,0,202503132257337556P1
3356814,疯狂汪汪狗,202503140042046131P2,20220429RUC01,投稿, 9小时前,2,0,202503132257337556P1
3356812,小馋猫😆,202503140040414376P2,20220429RUC01,投稿, 9小时前,1,0,202503132257337556P1
3356810,😍😍😍,202503140040275707P2,20220429RUC01,投稿, 9小时前,1,0,202503132257337556P1
3356806,DJC,202503140039463032P2,20220429RUC01,投稿, 9小时前,1,0,202503132257337556P1
3356804,李畅宇,202503140039108518P2,20220429RUC01,投稿, 9小时前,1,0,202503132257337556P1
3356802,周家彬,202503140038341875P2,20220429RUC01,投稿, 9小时前,1,0,202503132257337556P1
3356800,yzy,202503140038241392P2,20220429RUC01,投稿, 9小时前,2,0,202503132257337556P1
3356625,hsq,202503132340357694P2,20220429RUC01,投稿, 10小时前,1,0,202503132257337556P1
3356489,兄弟别来抽象,202503132305262364P2,20220429RUC01,投稿, 10小时前,1,0,202503132257337556P1
3356460,金灿荣,202503132258368676P2,20220429RUC01,投稿, 10小时前,1,0,202503132257337556P1
3356515,如果就青菜鸡胸这些来说，西区的麻辣烫点不辣的比较鲜，是自然的鲜，科技味不重。东一的清汤加一点青椒酱和醋味道神似关东煮和简易版寿喜烧；东二东厅的骨汤很鲜，而且加了蒜末提香；东二西厅的番茄锅一般，吃多了涩口。中二的麻辣烫也是汤底比较鲜的类型，相对其他麻辣烫会煮的烂一些。,202503132313164683P2,20220429RUC01,投稿, 10小时前,0,0,202503132256040200P1
3356465,不吃科技丸子那些玩意儿，就加菜加鸡胸肉，好吃,202503132259272256P2,20220429RUC01,投稿, 10小时前,0,0,202503132256040200P1
3356462,西区，鸡胸肉又嫩又新鲜，价格也比较公道,202503132259018366P2,20220429RUC01,投稿, 10小时前,0,0,202503132256040200P1
3356459,我为留一举大旗,202503132258261032P2,20220429RUC01,投稿, 10小时前,0,0,202503132256040200P1
3357480,可以可以，大大的好,202503140941481661P2,20220429RUC01,投稿, 2分钟前,0,0,202503132234474776P1
3357323,我和女朋友异地，这次我去见她，网上都花店，搜小王子花束就好啦,202503140843235286P2,20220429RUC01,投稿, 1小时前,0,0,202503132234474776P1
3357321,再更新一张，请问这个如何啊啊啊,202503140842551956P2,20220429RUC01,投稿, 1小时前,0,0,202503132234474776P1
3357302,求问是哪家花店,202503140831326403P2,20220429RUC01,投稿, 1小时前,0,0,202503132234474776P1
3357134,都好看，我命令你们两幸福☺️,202503140146079969P2,20220429RUC01,投稿, 7小时前,0,0,202503132234474776P1
3356798,黑色配红玫瑰很不错，但总感觉这个气质很成熟优雅，看看你对象是甜妹还是御姐了哈哈哈,202503140037589147P2,20220429RUC01,投稿, 9小时前,0,0,202503132234474776P1
3356786,突发奇想把换成红色丝绸质感的带子，不要纱质感的,202503140034365414P2,20220429RUC01,投稿, 9小时前,0,0,202503132234474776P1
3356784,或者你就选用后来挑的迷你一点的形式，但把花换成白玫瑰和一朵红玫瑰加小王子，应该也不是不能做,202503140033560057P2,20220429RUC01,投稿, 9小时前,0,0,202503132234474776P1
3356780,布的丝带?感觉1 2的丝带都挺合适的,202503140033137385P2,20220429RUC01,投稿, 9小时前,0,0,202503132234474776P1
3356735,我感觉17l也有道理，下面收紧一点是好看一些qwq,202503140012294150P2,20220429RUC01,投稿, 9小时前,0,0,202503132234474776P1
3356732,请问大概要换成什么样子的丝带呀 不是透明的就行嘛（或者我自己是不是能把丝带扯掉,202503140011436699P2,20220429RUC01,投稿, 9小时前,0,0,202503132234474776P1
3356728,对了选3的话要不问问商家丝带能不能换一个，感觉3的丝带换个丝带就非常完美了,202503140010464819P2,20220429RUC01,投稿, 9小时前,0,0,202503132234474776P1
3356724,"333
",202503140008455321P2,20220429RUC01,投稿, 9小时前,0,0,202503132234474776P1
3356719,感觉1和3好看，新挑的好看不过确实没有小王子有特色（?）,202503140006575565P2,20220429RUC01,投稿, 9小时前,0,0,202503132234474776P1
3356712,你怎么知道我是小狗，嘻嘻,202503140004233363P2,20220429RUC01,投稿, 9小时前,0,0,202503132234474776P1
3356711,还有个橘色的,202503140004101738P2,20220429RUC01,投稿, 9小时前,0,0,202503132234474776P1
3356706,看了大家的建议，那想再问下这种和小王子比起来会好一点嘛（我觉得小王子那个只有一朵玫瑰很有意境，也可能是我比较肤浅呜呜）,202503140003246788P2,20220429RUC01,投稿, 9小时前,0,0,202503132234474776P1
3356705,好可爱的小狗,202503140003127569P2,20220429RUC01,投稿, 9小时前,0,0,202503132234474776P1
3356693,是这样的，所以是想问问包装（尤其是12之间,202503132359480397P2,20220429RUC01,投稿, 9小时前,0,0,202503132234474776P1
3356692,女，感觉是一样的花不一样的包装（挠头）,202503132359002928P2,20220429RUC01,投稿, 9小时前,0,0,202503132234474776P1
3356684,啊啊谢谢你，所以这种黑的也好看是嘛 我审美不太行,202503132357021847P2,20220429RUC01,投稿, 9小时前,0,0,202503132234474776P1
3356662,总之不要4，感觉不是很适合送女生，送男朋友还差不多,202503132349454759P2,20220429RUC01,投稿, 9小时前,0,0,202503132234474776P1
3356615,1 3,202503132339196889P2,20220429RUC01,投稿, 10小时前,0,0,202503132234474776P1
3356521,1,202503132314198033P2,20220429RUC01,投稿, 10小时前,0,0,202503132234474776P1
3356500,我觉得类似这种底部小一些，上面的包装纸蓬一些，错落地突尖角这种看起来更好看一些（当然只是我的想法）,202503132308315481P2,20220429RUC01,投稿, 10小时前,0,0,202503132234474776P1
3356495,1 4都好好看 你女朋友会幸福死的 祝你们幸福！！！,202503132307367812P2,20220429RUC01,投稿, 10小时前,0,0,202503132234474776P1
3356483,俺感觉不是小王子的问题，是这个设计本身的不太行，这种形状方方的桶桶的，看起来好笨重,202503132302361432P2,20220429RUC01,投稿, 10小时前,0,0,202503132234474776P1
3356478,2很适合春天啊,202503132301214070P2,20220429RUC01,投稿, 10小时前,0,0,202503132234474776P1
3356463,主要是对象比较喜欢小王子qaq，一堆白花里面一朵玫瑰，感觉这种比较适配一点,202503132259091028P2,20220429RUC01,投稿, 10小时前,0,0,202503132234474776P1
3356432,这种很考验花艺师技术感觉，春天感觉可以挑一点更有生命力的花,202503132251301822P2,20220429RUC01,投稿, 10小时前,0,0,202503132234474776P1
3356418,感觉都不太好看（这是可以说的吗👉👈dbq（），一定要选的话3还好，12像卷心菜,202503132247414524P2,20220429RUC01,投稿, 10小时前,1,0,202503132234474776P1
3356408,2,202503132244301540P2,20220429RUC01,投稿, 10小时前,0,0,202503132234474776P1
3356400,12的差别只有纸颜色的区别，尊嘟好纠结,202503132243088479P2,20220429RUC01,投稿, 11小时前,0,0,202503132234474776P1
3356398,2（1渐变＋暗纹比较繁冗，3丝带的镭射略low，4和小王子的契合度不如2）,202503132242464743P2,20220429RUC01,投稿, 11小时前,1,0,202503132234474776P1
3356385,123差距不大，4不好看,202503132238558221P2,20220429RUC01,投稿, 11小时前,0,0,202503132234474776P1
3356382,"12区别在绿色的纸是不是渐变的？1和2里面1比较好看，3显得颜色有点单调了，4黑白搭配好怪
",202503132238383712P2,20220429RUC01,投稿, 11小时前,0,0,202503132234474776P1
3356381,3,202503132238363511P2,20220429RUC01,投稿, 11小时前,0,0,202503132234474776P1
3356380,3,202503132237525545P2,20220429RUC01,投稿, 11小时前,0,0,202503132234474776P1
3356379,3,202503132237229715P2,20220429RUC01,投稿, 11小时前,0,0,202503132234474776P1
3356375,3,202503132236243058P2,20220429RUC01,投稿, 11小时前,0,0,202503132234474776P1
3356538,感谢！,202503132319452479P2,20220429RUC01,投稿, 10小时前,0,0,202503132232210218P1
3356442,学务中心—成绩单—往下拉页面,202503132254477991P2,20220429RUC01,投稿, 10小时前,0,0,202503132232210218P1
3356593,巧了,202503132334470721P2,20220429RUC01,投稿, 10小时前,0,0,202503132230017669P1
3356591,我买了一个除臭+有香的东西喷…,202503132334344433P2,20220429RUC01,投稿, 10小时前,0,0,202503132230017669P1
3356573,我笑死了,202503132330486080P2,20220429RUC01,投稿, 10小时前,0,0,202503132230017669P1
3356543,"直接拿他的袜子过肺，估计就会注意了
",202503132321327572P2,20220429RUC01,投稿, 10小时前,0,0,202503132230017669P1
3356453,我们集资买个鞋柜吧！,202503132257174584P2,20220429RUC01,投稿, 10小时前,1,0,202503132230017669P1
3356449,诶，我们来比一比谁先把鞋子放在阳台放味吧,202503132256233688P2,20220429RUC01,投稿, 10小时前,1,0,202503132230017669P1
3356447,好无聊啊，我们来洗脚吧,202503132256036966P2,20220429RUC01,投稿, 10小时前,2,0,202503132230017669P1
3356427,寝室里是不是进了金灿荣助教啊，怎么这么臭,202503132249226478P2,20220429RUC01,投稿, 10小时前,3,0,202503132230017669P1
3356371,空气清新剂,202503132235167653P2,20220429RUC01,投稿, 11小时前,0,0,202503132230017669P1
3356341,20r一天,202503132225332678P2,20220429RUC01,投稿, 11小时前,0,0,202503132224125313P1
3356340,vx：wenluo12,202503132224503740P2,20220429RUC01,投稿, 11小时前,0,0,202503132224125313P1
3356369,一般都在站点吧？上次去西站取的,202503132234460714P2,20220429RUC01,投稿, 11小时前,0,0,202503132222401174P1
3356367,高铁票可以在12306上开电子发票,202503132234322919P2,20220429RUC01,投稿, 11小时前,0,0,202503132222401174P1
3357377,什么意思,202503140912595227P2,20220429RUC01,投稿, 30分钟前,0,0,202503132215529551P1
3357376,？,202503140912544918P2,20220429RUC01,投稿, 31分钟前,0,0,202503132215529551P1
3356763,啊，细说一下,202503140024533272P2,20220429RUC01,投稿, 9小时前,0,0,202503132215529551P1
3356401,啊啊什么瓜👂,202503132243421901P2,20220429RUC01,投稿, 11小时前,0,0,202503132215529551P1
3356316,不会,202503132215381033P2,20220429RUC01,投稿, 11小时前,0,0,202503132213010106P1
3356312,没影响啊,202503132214511359P2,20220429RUC01,投稿, 11小时前,0,0,202503132213010106P1
3356445,好强的攻击力,202503132255559589P2,20220429RUC01,投稿, 10小时前,0,0,202503132209571129P1
3356428,今天的课？,202503132249488151P2,20220429RUC01,投稿, 10小时前,0,0,202503132209571129P1
3356414,应该发配到岳明君的思修课去,202503132246544366P2,20220429RUC01,投稿, 10小时前,0,0,202503132209571129P1
3356356,她真的很好啊！怎么学生不来上课反而还能怪老师考勤了😱,202503132231112888P2,20220429RUC01,投稿, 11小时前,0,0,202503132209571129P1
3356334,奖励十个张一帆调和一下,202503132221219477P2,20220429RUC01,投稿, 11小时前,1,0,202503132209571129P1
3356294,换成别人你还想拿3.7？,202503132210185605P2,20220429RUC01,投稿, 11小时前,0,0,202503132209571129P1
3357484,用磕了瓜子的手翻书真是太干净啦,202503140942277075P2,20220429RUC01,投稿, 3分钟前,0,0,202503140941453524P1
3357483,太牛了小姐姐你知道声音有多大吗,202503140942096211P2,20220429RUC01,投稿, 3分钟前,0,0,202503140941453524P1
3357482,我草磕了一桌子了,202503140942009367P2,20220429RUC01,投稿, 3分钟前,0,0,202503140941453524P1
3357481,还以为听错了，以为是键盘呢,202503140941542720P2,20220429RUC01,投稿, 3分钟前,0,0,202503140941453524P1
3357493,其实我一直以为关系很好异性朋友都会做。,202503140944579534P2,20220429RUC01,投稿,刚刚,0,0,202503140937228765P1
3357478,推荐番茄的马甲的文《然而你却想s我》（这里的字是睡）,202503140941189563P2,20220429RUC01,投稿, 4分钟前,0,0,202503140937228765P1
3357488,这老师上课还进行无意义的点名提问，我听他讲课只想逃跑😅,202503140943425880P2,20220429RUC01,投稿, 2分钟前,0,0,202503140935237859P1
3357470,没关系，我们老师说，签到直接给分，期末考一起考，平时作业老师们开会决定正态分布，所以几个老师应该没区别了,202503140939003974P2,20220429RUC01,投稿, 6分钟前,0,0,202503140935237859P1
3357468,本人高瓴大二♀，之前的笔记本是高中买的已经不太能用了，可能后续会有模型训练的需求？游戏的话偶尔玩玩燕云十六声之类的,202503140938408460P2,20220429RUC01,投稿, 7分钟前,0,0,202503140925173784P1
3357433,你要玩啥，或者说你需要用电脑做什么捏,202503140926455521P2,20220429RUC01,投稿, 18分钟前,0,0,202503140925173784P1
3357477,中,202503140941181521P2,20220429RUC01,投稿, 4分钟前,0,0,202503140922477022P1
3357454,喜欢0，今晚你是m，留号,202503140934071136P2,20220429RUC01,投稿, 11分钟前,0,0,202503140922477022P1
3357451,你是谷，那小王呢,202503140933038083P2,20220429RUC01,投稿, 12分钟前,0,0,202503140922477022P1
3357447,6,202503140932088448P2,20220429RUC01,投稿, 13分钟前,0,0,202503140922477022P1
3357442,这是谁啊,202503140929432674P2,20220429RUC01,投稿, 16分钟前,0,0,202503140922477022P1
3357437,姐姐我是你的🐶,202503140927216293P2,20220429RUC01,投稿, 18分钟前,0,0,202503140922477022P1
3357436,留号，今晚约,202503140926596824P2,20220429RUC01,投稿, 18分钟前,0,0,202503140922477022P1
3357472,小妖怪老师点名怎么个形式呢，会直接按着名单点啊吗,202503140940304999P2,20220429RUC01,投稿, 5分钟前,0,0,202503140918194350P1
3357450,今天没点,202503140932546334P2,20220429RUC01,投稿, 12分钟前,0,0,202503140918194350P1
3357453,推荐江棘老师的戏剧课,202503140933523508P2,20220429RUC01,投稿, 11分钟前,0,0,202503140912189269P1
3357440,谢谢😘,202503140927413602P2,20220429RUC01,投稿, 18分钟前,0,0,202503140904499980P1
3357408,金融学大类是金融，金工，保险，信管四个专业，自由分流任选,202503140920102406P2,20220429RUC01,投稿, 25分钟前,0,0,202503140904499980P1
3357361,请好心的师兄师姐加这个qq🥺3874621612,202503140903318159P2,20220429RUC01,投稿, 42分钟前,0,0,202503140902493432P1
3357456,这大厦避风了。。。。,202503140934469029P2,20220429RUC01,投稿, 11分钟前,0,0,202503140901054041P1
3357441,这大厦避风了。。。。,202503140929231315P2,20220429RUC01,投稿, 16分钟前,0,0,202503140901054041P1
3357435,怎么了,202503140926578022P2,20220429RUC01,投稿, 18分钟前,0,0,202503140901054041P1
3357363,这大厦避风了。。。。,202503140905265873P2,20220429RUC01,投稿, 40分钟前,0,0,202503140901054041P1
3357359,真的很有病……,202503140902416911P2,20220429RUC01,投稿, 43分钟前,0,0,202503140901054041P1
3357384,唉,202503140914350531P2,20220429RUC01,投稿, 31分钟前,0,0,202503140859416139P1
3357350,硕士是这样的,202503140857188891P2,20220429RUC01,投稿, 48分钟前,0,0,202503140852564951P1
3357354,妈宝女,202503140858571205P2,20220429RUC01,投稿, 46分钟前,0,0,202503140846556687P1
3357352,纱布，一脚踹飞等着进局子吧,202503140858019183P2,20220429RUC01,投稿, 47分钟前,0,0,202503140846556687P1
3357349,你告诉父母干嘛，搞不好你妹妹觉得这是情趣呢，你也是他们play的一环,202503140857106081P2,20220429RUC01,投稿, 48分钟前,2,0,202503140846556687P1
3357344,🐟有了，开始浮木怎么办,202503140855154728P2,20220429RUC01,投稿, 50分钟前,1,0,202503140846556687P1
3357335,挺正常的，一些人天生玩的就花,202503140850135925P2,20220429RUC01,投稿, 55分钟前,0,0,202503140846556687P1
3357334,但我真的会喜欢自己对象这么对待自己呢,202503140849431943P2,20220429RUC01,投稿, 56分钟前,0,0,202503140846556687P1
3357333,别钓了,202503140849120691P2,20220429RUC01,投稿, 56分钟前,1,0,202503140846556687P1
3357380,谢谢您，那请问检测肝功肾功血糖血脂要多久呢,202503140914163062P2,20220429RUC01,投稿, 31分钟前,0,0,202503140840362791P1
3357370,血常规1h 甲流2h,202503140908321611P2,20220429RUC01,投稿, 37分钟前,0,0,202503140840362791P1
3357427,上海的富裕不用靠吸血，长江口躺着收钱就好了，江浙一带自古就是繁华的地方。再放眼京津冀，自古以来就是边境，没有平原，缺水不下雨，土地没有营养还容易被入侵，在这里建城，繁华是需要吸取周边的资源的，这就是问题,202503140924215837P2,20220429RUC01,投稿, 21分钟前,0,0,202503140836559446P1
3357420,请你别尬黑，无锡苏州，这俩城市甚至比南京还繁华）,202503140922249172P2,20220429RUC01,投稿, 23分钟前,1,0,202503140836559446P1
3357388,“拱卫京师”,202503140916256369P2,20220429RUC01,投稿, 29分钟前,0,0,202503140836559446P1
3357381,百京的虹吸效应,202503140914227704P2,20220429RUC01,投稿, 31分钟前,0,0,202503140836559446P1
3357342,我记得高中地理分析过。忘了,202503140855028905P2,20220429RUC01,投稿, 50分钟前,0,0,202503140836559446P1
3357412,好嘟好嘟～,202503140921046602P2,20220429RUC01,投稿, 24分钟前,0,0,202503140836097402P1
3357375,中一的包浆豆腐,202503140912332961P2,20220429RUC01,投稿, 33分钟前,0,0,202503140836097402P1
3357312,感谢心软的神们，祝好心的叭友门门4.0！,202503140836362763P2,20220429RUC01,投稿, 1小时前,0,0,202503140836097402P1
3357308,在隔壁华宇,202503140833305966P2,20220429RUC01,投稿, 1小时前,0,0,202503140832425051P1
3357351,富姐缺🐶吗，汪汪汪,202503140857590281P2,20220429RUC01,投稿, 47分钟前,0,0,202503140830007314P1
3357314,外星人多少出,202503140837069234P2,20220429RUC01,投稿, 1小时前,0,0,202503140830007314P1
3357405,已阅,202503140919357856P2,20220429RUC01,投稿, 26分钟前,0,0,202503140823116478P1
3357357,蹲啥 直接来,202503140901493793P2,20220429RUC01,投稿, 44分钟前,0,0,202503140813075787P1
3357336,先蹲蹲,202503140850159446P2,20220429RUC01,投稿, 55分钟前,0,0,202503140813075787P1
3357366,都可以,202503140906124553P2,20220429RUC01,投稿, 39分钟前,0,0,202503140744185771P1
3357365,你是想问支教经验还是选拔经验？,202503140905487428P2,20220429RUC01,投稿, 40分钟前,0,0,202503140744185771P1
3357265,可有偿，请和奶茶,202503140744499676P2,20220429RUC01,投稿, 2小时前,0,0,202503140744185771P1
3357290,边际成本大于边际收益,202503140822550636P2,20220429RUC01,投稿, 1小时前,0,0,202503140740281490P1
3357459,不来点直升机金曲我不是很认可,202503140935525485P2,20220429RUC01,投稿, 10分钟前,0,0,202503140641359398P1
3357457,早安，所有孤独的人,202503140934495458P2,20220429RUC01,投稿, 11分钟前,0,0,202503140641359398P1
3357283,sb北京,202503140811198121P2,20220429RUC01,投稿, 1小时前,0,0,202503140641359398P1
3357268,🖕🏻早安🖕🏻北京🖕🏻,202503140754557328P2,20220429RUC01,投稿, 1小时前,1,0,202503140641359398P1
3357249,早安，金灿荣的助教,202503140722005727P2,20220429RUC01,投稿, 2小时前,0,0,202503140641359398P1
3357248,早ﾉ☀,202503140718072124P2,20220429RUC01,投稿, 2小时前,0,0,202503140641359398P1
3357244,早！,202503140712541017P2,20220429RUC01,投稿, 2小时前,0,0,202503140641359398P1
3357243,お早う,202503140708037551P2,20220429RUC01,投稿, 2小时前,0,0,202503140641359398P1
3357242,早安！,202503140707215160P2,20220429RUC01,投稿, 2小时前,0,0,202503140641359398P1
3357240,早あ,202503140703490400P2,20220429RUC01,投稿, 2小时前,0,0,202503140641359398P1
3357239,旱安,202503140703410379P2,20220429RUC01,投稿, 2小时前,0,0,202503140641359398P1
3357237,别鼠,202503140701424328P2,20220429RUC01,投稿, 2小时前,0,0,202503140641359398P1
3357236,想鼠,202503140700471354P2,20220429RUC01,投稿, 2小时前,0,0,202503140641359398P1
3357232,早安！,202503140648139033P2,20220429RUC01,投稿, 2小时前,0,0,202503140641359398P1
3357231,早安！北京！,202503140643195669P2,20220429RUC01,投稿, 3小时前,0,0,202503140641359398P1
3357294,我也这样，可不可以按下暂停键，可不可以让我缓一下。,202503140824181339P2,20220429RUC01,投稿, 1小时前,0,0,202503140444166565P1
3357245,😇我也，不过我是因为厌恶自己的专业。。,202503140714206593P2,20220429RUC01,投稿, 2小时前,0,0,202503140444166565P1
3357326,在家吃饭,202503140846127355P2,20220429RUC01,投稿, 59分钟前,0,0,202503140317051329P1
3357382,我以为只有我一个人觉得食堂有问题😇本来我只觉得北方做菜习惯放多油和盐不符合我这个南方人的口味，直到吃出几次急性肠胃炎，我就开始以外卖为生了🤮,202503140914242023P2,20220429RUC01,投稿, 31分钟前,0,0,202503140258473281P1
3357329,东一大伙一盘青菜五块钱，到底是谁家学校的大伙这么贵 ，说是什么补贴补不到所有，连大伙青菜的价格这么高，到底是哪里被补贴到了，有人觉得价格贵跑去问xhs的主任，还被阴阳怪气不知柴米贵,202503140846270398P2,20220429RUC01,投稿, 59分钟前,0,0,202503140258473281P1
3357198,讨论食堂问题不要歪楼，别扯别的xdx文理科什么的,202503140311064421P2,20220429RUC01,投稿, 6小时前,0,0,202503140258473281P1
3357197,确实，干净，贵一点大概15r起步,202503140308344446P2,20220429RUC01,投稿, 6小时前,0,0,202503140258473281P1
3357194,北区三楼很不错,202503140307354285P2,20220429RUC01,投稿, 6小时前,0,0,202503140258473281P1
3357192,真的有一天赚够了钱想回老家小农经济自给自足了,202503140307168874P2,20220429RUC01,投稿, 6小时前,1,0,202503140258473281P1
3357189,高中还做过卷子分析预制菜的好处，666，我当时为了14分而折腰，做出了违心的答案,202503140305327997P2,20220429RUC01,投稿, 6小时前,1,0,202503140258473281P1
3357188,笑死了卫生干净的全是预制菜，炒菜的卫生都看起来堪忧，夺命二选一？,202503140304456511P2,20220429RUC01,投稿, 6小时前,0,0,202503140258473281P1
3357186,东区二楼为数不多能吃，不过15r起步,202503140303052129P2,20220429RUC01,投稿, 6小时前,1,0,202503140258473281P1
3357185,中区一楼感觉还可以，二楼卫生不好一楼,202503140302419422P2,20220429RUC01,投稿, 6小时前,0,0,202503140258473281P1
3357184,西区吃了一次风味窗口的刀削面，汤有氯水味，非常难喝,202503140302029686P2,20220429RUC01,投稿, 6小时前,0,0,202503140258473281P1
3357183,第一，东区大伙盘子不干净，第二北一北二大伙从来没去过，因为卫生堪忧，第三，小渝府，有夸父炸串那个南边那个餐厅能吃，感觉干净卫生，不过至少15，18r起步,202503140301033547P2,20220429RUC01,投稿, 6小时前,0,0,202503140258473281P1
3357460,大三弟弟可以吗,202503140936114109P2,20220429RUC01,投稿, 9分钟前,0,0,202503140242439920P1
3357275,1442535680来试试,202503140801049371P2,20220429RUC01,投稿, 1小时前,0,0,202503140242439920P1
3357266,保研失利(其实就差个tope)，考研没上岸(没咋复习)，工作还没找到的我……你要不要,202503140750524977P2,20220429RUC01,投稿, 1小时前,0,0,202503140242439920P1
3357261,形策可以一起搞，我毕业论文还没咋搞😂,202503140740265161P2,20220429RUC01,投稿, 2小时前,0,0,202503140242439920P1
3357206,哈哈 每条都和我一样,202503140334308208P2,20220429RUC01,投稿, 6小时前,0,0,202503140242439920P1
3357279,支援慢容易被单抓,202503140804386730P2,20220429RUC01,投稿, 1小时前,0,0,202503140242180838P1
3357386,不好吗？,202503140915311782P2,20220429RUC01,投稿, 30分钟前,0,0,202503140212500032P1
3357211,挺好的?,202503140434538929P2,20220429RUC01,投稿, 5小时前,0,0,202503140212500032P1
3357208,有时候很爽，有时候没意思,202503140354022837P2,20220429RUC01,投稿, 5小时前,0,0,202503140212500032P1
3357177,花钱吃难吃又不卫生的饭的是这个,202503140243379105P2,20220429RUC01,投稿, 7小时前,0,0,202503140209296385P1
3357176,法师也吃坏肚子了,202503140243140742P2,20220429RUC01,投稿, 7小时前,0,0,202503140209296385P1
3357171,"法师也吃坏肚子了。
",202503140228524758P2,20220429RUC01,投稿, 7小时前,0,0,202503140209296385P1
3357367,比如说呢？,202503140906498447P2,20220429RUC01,投稿, 39分钟前,0,0,202503140203250825P1
3357166,性，心？,202503140212350659P2,20220429RUC01,投稿, 7小时前,0,0,202503140159535303P1
3357156,"但这样 
好像会毁掉我现在的生活",202503140200396738P2,20220429RUC01,投稿, 7小时前,0,0,202503140159535303P1
3357158,不用了,202503140202249119P2,20220429RUC01,投稿, 7小时前,0,0,202503140158356793P1
3357168,男孩们不能输,202503140213530138P2,20220429RUC01,投稿, 7小时前,0,0,202503140153273629P1
3357141,端游,202503140152511618P2,20220429RUC01,投稿, 7小时前,0,0,202503140152216088P1
3357246,别在京内看,202503140714483005P2,20220429RUC01,投稿, 2小时前,0,0,202503140132381050P1
3357241,找工作人家也会看到的，建议找个医院吧,202503140707034057P2,20220429RUC01,投稿, 2小时前,0,0,202503140132381050P1
3357102,不是很在意 不保研,202503140134249779P2,20220429RUC01,投稿, 8小时前,1,0,202503140132381050P1
3357092,留档就不好了,202503140133110311P2,20220429RUC01,投稿, 8小时前,1,0,202503140132381050P1
3357492,马院哪来70%保研率？,202503140944554543P2,20220429RUC01,投稿, 1分钟前,0,0,202503140129511052P1
3357132,不卷就躺平吗 这是我们个人的选择 为什么要对我们的努力指指点点呢 我们也没做什么不好的事情啊 小登,202503140143487081P2,20220429RUC01,投稿, 8小时前,1,0,202503140129511052P1
3357126,可以转，但慎重,202503140140599426P2,20220429RUC01,投稿, 8小时前,2,0,202503140129511052P1
3357124,能差多少，看一看考公岗位就知道了，都是史😊,202503140139432081P2,20220429RUC01,投稿, 8小时前,1,0,202503140129511052P1
3357123,岗位少的可怜😆,202503140139066250P2,20220429RUC01,投稿, 8小时前,1,0,202503140129511052P1
3357122,这是党史，不是历史,202503140138565158P2,20220429RUC01,投稿, 8小时前,1,0,202503140129511052P1
3357120,洞见！,202503140138427061P2,20220429RUC01,投稿, 8小时前,1,0,202503140129511052P1
3357119,学历史的出来能干啥,202503140138414109P2,20220429RUC01,投稿, 8小时前,1,0,202503140129511052P1
3357116,党院还不如马院呢,202503140138262610P2,20220429RUC01,投稿, 8小时前,1,0,202503140129511052P1
3357111,太搞了，风气也不如马院,202503140136307855P2,20220429RUC01,投稿, 8小时前,2,0,202503140129511052P1
3357109,🤣🤣🤣,202503140135496758P2,20220429RUC01,投稿, 8小时前,3,0,202503140129511052P1
3357105,都不知道一天卷什么，高高兴兴念大学来了又不是念高四来了,202503140135271423P2,20220429RUC01,投稿, 8小时前,4,0,202503140129511052P1
3357103,一堆3.8，好几个3.9，无限逼近4.0的那种，还来吗😆,202503140135029721P2,20220429RUC01,投稿, 8小时前,1,0,202503140129511052P1
3357099,3.8+一堆,202503140134087167P2,20220429RUC01,投稿, 8小时前,2,0,202503140129511052P1
3357097,卷死人，异化竟是我自己,202503140133458236P2,20220429RUC01,投稿, 8小时前,1,0,202503140129511052P1
3357096,怎么说啊 比马院卷吗 dang院卷到什么程度 绩点对应排名怎么样,202503140133422474P2,20220429RUC01,投稿, 8小时前,2,0,202503140129511052P1
3357091,千万别来，卷疯了🥲,202503140132569180P2,20220429RUC01,投稿, 8小时前,1,0,202503140129511052P1
3357087,\o/\o/\o/,202503140132136202P2,20220429RUC01,投稿, 8小时前,1,0,202503140129511052P1
3357086,yzh，杨圣！跌！,202503140131593234P2,20220429RUC01,投稿, 8小时前,1,0,202503140129511052P1
3357082,70％保研率焦虑什么，党院已经要自己把自己卷死了，呆在马院不好吗🥹,202503140131375096P2,20220429RUC01,投稿, 8小时前,1,0,202503140129511052P1
3357081,是杨院长吗,202503140131354857P2,20220429RUC01,投稿, 8小时前,1,0,202503140129511052P1
3357080,一片苍茫都不见，知向谁边,202503140131316243P2,20220429RUC01,投稿, 8小时前,1,0,202503140129511052P1
3357079,前途远大，但钱途……,202503140131267867P2,20220429RUC01,投稿, 8小时前,1,0,202503140129511052P1
3357078,快来dang院宝宝  氛围超好有杨圣,202503140131165958P2,20220429RUC01,投稿, 8小时前,1,0,202503140129511052P1
3357077,我听说dang院保研率很高啊. ........羡慕了,202503140131103696P2,20220429RUC01,投稿, 8小时前,1,0,202503140129511052P1
3357075,一片黑暗😆,202503140130414327P2,20220429RUC01,投稿, 8小时前,1,0,202503140129511052P1
3357074,别来dang院，卷死了,202503140130339788P2,20220429RUC01,投稿, 8小时前,1,0,202503140129511052P1
3357159,hyq,202503140202251833P2,20220429RUC01,投稿, 7小时前,1,0,202503140119077255P1
3357095,我也是，抱抱你,202503140133334480P2,20220429RUC01,投稿, 8小时前,1,0,202503140112024003P1
3357040,因为我是肺雾,202503140122424786P2,20220429RUC01,投稿, 8小时前,1,0,202503140112024003P1
3357039,因为她不想在一起了,202503140122282481P2,20220429RUC01,投稿, 8小时前,1,0,202503140112024003P1
3357025,那为什么要分开呢,202503140120561393P2,20220429RUC01,投稿, 8小时前,1,0,202503140112024003P1
3357009,是，看到她换头像,202503140118392031P2,20220429RUC01,投稿, 8小时前,1,0,202503140112024003P1
3356952,有血月嘛我丢 是不是污染太严重了,202503140106547630P2,20220429RUC01,投稿, 8小时前,0,0,202503140106144525P1
3356937,🤣,202503140103467593P2,20220429RUC01,投稿, 8小时前,1,0,202503140059027999P1
3356929,真的吵 上学期就是楼上一直吵大半夜的,202503140102011171P2,20220429RUC01,投稿, 8小时前,2,0,202503140059027999P1
3356928,服了  社会学院怎么都是这种人,202503140101583097P2,20220429RUC01,投稿, 8小时前,2,0,202503140059027999P1
3356927,我出来听了，现在没声音了。,202503140101573801P2,20220429RUC01,投稿, 8小时前,1,0,202503140059027999P1
3356924,唐完了,202503140101264912P2,20220429RUC01,投稿, 8小时前,1,0,202503140059027999P1
3356921,上学期经常拉凳子、打游戏喊叫，吵疯了,202503140100589554P2,20220429RUC01,投稿, 8小时前,1,0,202503140059027999P1
3356919,糖尿病房,202503140100325193P2,20220429RUC01,投稿, 8小时前,1,0,202503140059027999P1
3356916,好像挂一个那个牌子,202503140100213244P2,20220429RUC01,投稿, 8小时前,1,0,202503140059027999P1
3356914,确实吵,202503140100129540P2,20220429RUC01,投稿, 8小时前,1,0,202503140059027999P1
3356913,社会学院吧，习惯了,202503140100067350P2,20220429RUC01,投稿, 8小时前,1,0,202503140059027999P1
3356912,这么吵烦死了,202503140059536482P2,20220429RUC01,投稿, 8小时前,1,0,202503140059027999P1
3356911,糖尿病房,202503140059485455P2,20220429RUC01,投稿, 8小时前,1,0,202503140059027999P1
3356910,社会学院吧,202503140059443247P2,20220429RUC01,投稿, 8小时前,1,0,202503140059027999P1
3357093,你没看懂,202503140133211656P2,20220429RUC01,投稿, 8小时前,1,0,202503140058459069P1
3357090,不客气,202503140132533267P2,20220429RUC01,投稿, 8小时前,1,0,202503140058459069P1
3357083,谢谢,202503140131391644P2,20220429RUC01,投稿, 8小时前,1,0,202503140058459069P1
3357072,您好,202503140130151992P2,20220429RUC01,投稿, 8小时前,1,0,202503140058459069P1
3357067,晚上不睡觉 长痘痘,202503140129408999P2,20220429RUC01,投稿, 8小时前,1,0,202503140058459069P1
3357054,那咋了,202503140125489040P2,20220429RUC01,投稿, 8小时前,1,0,202503140058459069P1
3357051,没有审美吗？,202503140125324131P2,20220429RUC01,投稿, 8小时前,2,0,202503140058459069P1
3357049,🤣🤣🤣,202503140124338812P2,20220429RUC01,投稿, 8小时前,1,0,202503140058459069P1
3357048,那咋了,202503140123521883P2,20220429RUC01,投稿, 8小时前,1,0,202503140058459069P1
3357046,禁止打拳,202503140123358802P2,20220429RUC01,投稿, 8小时前,1,0,202503140058459069P1
3357045,那咋了,202503140123328054P2,20220429RUC01,投稿, 8小时前,1,0,202503140058459069P1
3357044,难绷哦,202503140123134959P2,20220429RUC01,投稿, 8小时前,1,0,202503140058459069P1
3357043,别打拳哈,202503140122535679P2,20220429RUC01,投稿, 8小时前,1,0,202503140058459069P1
3357042,您好，谢谢,202503140122493977P2,20220429RUC01,投稿, 8小时前,1,0,202503140058459069P1
3357038,收收味哈,202503140122221487P2,20220429RUC01,投稿, 8小时前,1,0,202503140058459069P1
3357036,禁止键政,202503140122186536P2,20220429RUC01,投稿, 8小时前,1,0,202503140058459069P1
3357035,怎么这楼一群国楠串子,202503140122168094P2,20220429RUC01,投稿, 8小时前,2,0,202503140058459069P1
3357031,我更喜欢邓公一点,202503140121423730P2,20220429RUC01,投稿, 8小时前,1,0,202503140058459069P1
3357026,好！我完全同意,202503140121088221P2,20220429RUC01,投稿, 8小时前,1,0,202503140058459069P1
3357024,hsh也帅,202503140120564744P2,20220429RUC01,投稿, 8小时前,1,0,202503140058459069P1
3357023,人家勤工俭学呢,202503140120555646P2,20220429RUC01,投稿, 8小时前,1,0,202503140058459069P1
3357022,黝黑邓公,202503140120488018P2,20220429RUC01,投稿, 8小时前,1,0,202503140058459069P1
3357021,别尬黑,202503140120324731P2,20220429RUC01,投稿, 8小时前,1,0,202503140058459069P1
3357016,同意,202503140119555978P2,20220429RUC01,投稿, 8小时前,1,0,202503140058459069P1
3357015,不如陈阳👍,202503140119354407P2,20220429RUC01,投稿, 8小时前,1,0,202503140058459069P1
3357014,有没有人磕邓公的，我是智性恋,202503140119288957P2,20220429RUC01,投稿, 8小时前,1,0,202503140058459069P1
3357012,禁止鉴,202503140119012059P2,20220429RUC01,投稿, 8小时前,1,0,202503140058459069P1
3357007,兔兔也是哦,202503140118370631P2,20220429RUC01,投稿, 8小时前,1,0,202503140058459069P1
3357006,这个我喜欢,202503140117598193P2,20220429RUC01,投稿, 8小时前,1,0,202503140058459069P1
3357004,lcy哥哥呢~,202503140117295213P2,20220429RUC01,投稿, 8小时前,1,0,202503140058459069P1
3357003,l,202503140116590694P2,20220429RUC01,投稿, 8小时前,1,0,202503140058459069P1
3357002,是cy还是lcy,202503140116500019P2,20220429RUC01,投稿, 8小时前,1,0,202503140058459069P1
3357001,不想，不是招桐体质,202503140116457283P2,20220429RUC01,投稿, 8小时前,1,0,202503140058459069P1
3357000,别串了，我还是觉得cy哥哥帅,202503140116187421P2,20220429RUC01,投稿, 8小时前,1,0,202503140058459069P1
3356999,cy确实像那种gay会喜欢的,202503140116059562P2,20220429RUC01,投稿, 8小时前,1,0,202503140058459069P1
3356998,蹲蹲,202503140115579331P2,20220429RUC01,投稿, 8小时前,1,0,202503140058459069P1
3356997,别串了,202503140115527503P2,20220429RUC01,投稿, 8小时前,1,0,202503140058459069P1
3356996,本院的0吗,202503140115359873P2,20220429RUC01,投稿, 8小时前,1,0,202503140058459069P1
3356995,这个太搞了,202503140115331489P2,20220429RUC01,投稿, 8小时前,1,0,202503140058459069P1
3356994,什么瓜,202503140115237904P2,20220429RUC01,投稿, 8小时前,1,0,202503140058459069P1
3356993,细说,202503140115174167P2,20220429RUC01,投稿, 8小时前,1,0,202503140058459069P1
3356992,不至于,202503140115008323P2,20220429RUC01,投稿, 8小时前,1,0,202503140058459069P1
3356991,似乎有0也喜欢）,202503140114526910P2,20220429RUC01,投稿, 8小时前,1,0,202503140058459069P1
3356990,哦 牛,202503140114481349P2,20220429RUC01,投稿, 8小时前,1,0,202503140058459069P1
3356989,🥹,202503140114465044P2,20220429RUC01,投稿, 8小时前,1,0,202503140058459069P1
3356988,你要被盒了,202503140114411751P2,20220429RUC01,投稿, 8小时前,1,0,202503140058459069P1
3356987,早脱了，您已经落后啦🤣🤣,202503140114136637P2,20220429RUC01,投稿, 8小时前,1,0,202503140058459069P1
3356984,好像好几个女朋友,202503140113577177P2,20220429RUC01,投稿, 8小时前,1,0,202503140058459069P1
3356983,如有,202503140113296595P2,20220429RUC01,投稿, 8小时前,1,0,202503140058459069P1
3356982,啊 我刚听说他不是单身吗 脱单啦？,202503140113175553P2,20220429RUC01,投稿, 8小时前,1,0,202503140058459069P1
3356981,我老婆,202503140112564902P2,20220429RUC01,投稿, 8小时前,1,0,202503140058459069P1
3356980,疯狂汪汪狗吗,202503140112393709P2,20220429RUC01,投稿, 8小时前,1,0,202503140058459069P1
3356979,实名上网,202503140112310209P2,20220429RUC01,投稿, 8小时前,1,0,202503140058459069P1
3356978,我老公,202503140112236241P2,20220429RUC01,投稿, 8小时前,1,0,202503140058459069P1
3356977,帅哥,202503140112114612P2,20220429RUC01,投稿, 8小时前,1,0,202503140058459069P1
3356974,这位是？,202503140111477741P2,20220429RUC01,投稿, 8小时前,1,0,202503140058459069P1
3356973,老冯,202503140111430394P2,20220429RUC01,投稿, 8小时前,1,0,202503140058459069P1
3356972,🤣🤣🤣🤣😂😂😂😂👉👈,202503140111433137P2,20220429RUC01,投稿, 8小时前,1,0,202503140058459069P1
3356969,hrgg,202503140110577259P2,20220429RUC01,投稿, 8小时前,1,0,202503140058459069P1
3356968,啊呀,202503140110458263P2,20220429RUC01,投稿, 8小时前,1,0,202503140058459069P1
3356967,burning,202503140110428932P2,20220429RUC01,投稿, 8小时前,1,0,202503140058459069P1
3356966,巨,202503140110332652P2,20220429RUC01,投稿, 8小时前,1,0,202503140058459069P1
3356965,😆🤣🤣🤣,202503140110265187P2,20220429RUC01,投稿, 8小时前,1,0,202503140058459069P1
3356964,陈阳,202503140110224065P2,20220429RUC01,投稿, 8小时前,1,0,202503140058459069P1
3356963,csq,202503140109513674P2,20220429RUC01,投稿, 8小时前,1,0,202503140058459069P1
3356962,邓公,202503140109440916P2,20220429RUC01,投稿, 8小时前,0,0,202503140058459069P1
3356960,爹,202503140108505187P2,20220429RUC01,投稿, 8小时前,1,0,202503140058459069P1
3356959,恩！情！,202503140108420841P2,20220429RUC01,投稿, 8小时前,0,0,202503140058459069P1
3356958,跌！杨圣您怎么来了✋😭🤚,202503140108281766P2,20220429RUC01,投稿, 8小时前,1,0,202503140058459069P1
3356957,杨圣,202503140108208328P2,20220429RUC01,投稿, 8小时前,1,0,202503140058459069P1
3356954,yzh,202503140107520524P2,20220429RUC01,投稿, 8小时前,1,0,202503140058459069P1
3356948,欲盖弥彰,202503140106071689P2,20220429RUC01,投稿, 8小时前,1,0,202503140058459069P1
3356947,此话题结束,202503140105260573P2,20220429RUC01,投稿, 8小时前,1,0,202503140058459069P1
3356943,正确的✅,202503140104589643P2,20220429RUC01,投稿, 8小时前,1,0,202503140058459069P1
3356934,太权威了,202503140103010783P2,20220429RUC01,投稿, 8小时前,1,0,202503140058459069P1
3356933,hd,202503140102581264P2,20220429RUC01,投稿, 8小时前,1,0,202503140058459069P1
3356931,👍,202503140102446013P2,20220429RUC01,投稿, 8小时前,1,0,202503140058459069P1
3356923,lsy,202503140101221503P2,20220429RUC01,投稿, 8小时前,2,0,202503140058459069P1
3356917,🤣🤣🤣,202503140100269452P2,20220429RUC01,投稿, 8小时前,1,0,202503140058459069P1
3356915,lql,202503140100165741P2,20220429RUC01,投稿, 8小时前,1,0,202503140058459069P1
3356909,lcy,202503140059405089P2,20220429RUC01,投稿, 8小时前,1,0,202503140058459069P1
3356908,疯狂汪汪狗,202503140059260597P2,20220429RUC01,投稿, 8小时前,1,0,202503140058459069P1
3356903,李畅宇,202503140058594508P2,20220429RUC01,投稿, 8小时前,1,0,202503140058459069P1
3357233,黄圣依,202503140653230309P2,20220429RUC01,投稿, 2小时前,0,0,202503140055546000P1
3357179,细说,202503140245086980P2,20220429RUC01,投稿, 7小时前,0,0,202503140055546000P1
3357011,这是唯一真神,202503140119009257P2,20220429RUC01,投稿, 8小时前,1,0,202503140055546000P1
3356956,hsy,202503140108061698P2,20220429RUC01,投稿, 8小时前,2,0,202503140055546000P1
3356941,ylz,202503140104307593P2,20220429RUC01,投稿, 8小时前,1,0,202503140055546000P1
3356939,hty,202503140104109420P2,20220429RUC01,投稿, 8小时前,1,0,202503140055546000P1
3356893,没方式说集贸,202503140056552851P2,20220429RUC01,投稿, 8小时前,1,0,202503140055546000P1
3356890,原来身体健康了真的能轻易获得很多幸福,202503140056384203P2,20220429RUC01,投稿, 8小时前,1,0,202503140053117640P1
3356882,真棒  我要向你学习,202503140055577041P2,20220429RUC01,投稿, 8小时前,0,0,202503140053117640P1
3356879,谢谢你，感觉尸体暖暖的,202503140055409866P2,20220429RUC01,投稿, 8小时前,0,0,202503140053117640P1
3356875,在路上走着感受空气和阳光，就是一种快乐了🥰,202503140054499458P2,20220429RUC01,投稿, 8小时前,0,0,202503140053117640P1
3357471,我两不会是情敌吧，是助教吗,202503140940250162P2,20220429RUC01,投稿, 5分钟前,0,0,202503140048294993P1
3357144,找乐子,202503140155228689P2,20220429RUC01,投稿, 7小时前,0,0,202503140048294993P1
3357125,有钱有房有车她自己会上钩的,202503140140101642P2,20220429RUC01,投稿, 8小时前,1,0,202503140048294993P1
3357107,博士会很好追,202503140135338094P2,20220429RUC01,投稿, 8小时前,1,0,202503140048294993P1
3357146,沙,202503140157028672P2,20220429RUC01,投稿, 7小时前,0,0,202503140048278724P1
3356930,"多磕一点康纳和汉克心情会好起来的（bushi
",202503140102271227P2,20220429RUC01,投稿, 8小时前,1,0,202503140048278724P1
3356925,那可以开启杀神模式（,202503140101387210P2,20220429RUC01,投稿, 8小时前,0,0,202503140048278724P1
3357234,🦶大读研出来大概率还是省厅以下，不如现在一步到位,202503140655124070P2,20220429RUC01,投稿, 2小时前,0,0,202503140048172809P1
3357163,大家不要理三楼，骂他他反而还高兴,202503140205597631P2,20220429RUC01,投稿, 7小时前,3,0,202503140048172809P1
3356955,女人干嘛还想强势厅，乖乖带小孩得了,202503140107557311P2,20220429RUC01,投稿, 8小时前,0,0,202503140048172809P1
3356932,同意一楼，既然会纠结，无法担心以后会有更好的，但是与其错过更好的，碰到不如现在的会让我更后悔,202503140102511088P2,20220429RUC01,投稿, 8小时前,0,0,202503140048172809P1
3356855,你读完研还是纠结这个问题，所以我建议是不读,202503140050472315P2,20220429RUC01,投稿, 8小时前,0,0,202503140048172809P1
3357319,大帅,202503140842274314P2,20220429RUC01,投稿, 1小时前,0,0,202503140044163695P1
3357296,拍拍,202503140824497478P2,20220429RUC01,投稿, 1小时前,0,0,202503140044163695P1
3356832,😭,202503140045510548P2,20220429RUC01,投稿, 9小时前,0,0,202503140044163695P1
3357215,追星吗,202503140437349546P2,20220429RUC01,投稿, 5小时前,0,0,202503140044029439P1
3357162,展开讲讲,202503140205189074P2,20220429RUC01,投稿, 7小时前,0,0,202503140044029439P1
3357165,"坏了，我就是问个情绪是天生的还是认知幻觉，就成硅基生命了？还要认知革命量子观察霍金辐射升维奇点？
给我整笑了",202503140211520733P2,20220429RUC01,投稿, 7小时前,0,0,202503140031064595P1
3357106,就是问着问着，就转向宇宙了，我要是按照他的建议做了，感觉会从一般孤僻到古怪极了，下一个AI就是我。。。,202503140135327019P2,20220429RUC01,投稿, 8小时前,0,0,202503140031064595P1
3356776,东六五层同问，吵死了,202503140030260790P2,20220429RUC01,投稿, 9小时前,0,0,202503140022387924P1
3357115,中肯的,202503140138182505P2,20220429RUC01,投稿, 8小时前,0,0,202503140019064747P1
3356805,？对不起集贸，如果只是你说的这些你有什么对不起的？你就跟这男的说了两句话又没做越距的事，别搞这种自嬷文学了，赶紧告诉你姐吧，我看你也不太正常，跟编故事似的,202503140039214220P2,20220429RUC01,投稿, 9小时前,0,0,202503140019064747P1
3356792,bro以为自己是日漫男主以为自己可以开后宫,202503140036452569P2,20220429RUC01,投稿, 9小时前,2,0,202503140019064747P1
3356788,"后悔看完了
",202503140036055759P2,20220429RUC01,投稿, 9小时前,0,0,202503140019064747P1
3356785,草把lz当成男的看完的…显然受到了更多莫须有的震撼,202503140034357502P2,20220429RUC01,投稿, 9小时前,0,0,202503140019064747P1
3356773,简单，你俩一块儿上就完了,202503140029472467P2,20220429RUC01,投稿, 9小时前,0,0,202503140019064747P1
3356771,可能是北方有暖气（……？）在室内吃饭会脱外套的吧,202503140028579688P2,20220429RUC01,投稿, 9小时前,0,0,202503140019064747P1
3356764,什么半夜一帘幽梦,202503140025156476P2,20220429RUC01,投稿, 9小时前,0,0,202503140019064747P1
3356762,难绷，这种男的不赶紧踹走等着被吃姐妹盖饭,202503140023104717P2,20220429RUC01,投稿, 9小时前,0,0,202503140019064747P1
3356759,？你没有做对不起你姐的事，但这个男的不能要了,202503140022255381P2,20220429RUC01,投稿, 9小时前,0,0,202503140019064747P1
3356756,啊啊啊 穿好衣服是什么意思,202503140020085701P2,20220429RUC01,投稿, 9小时前,1,0,202503140019064747P1
3357161,可以啊,202503140203468809P2,20220429RUC01,投稿, 7小时前,0,0,202503140017243072P1
3356902,spss au 在线网站,202503140058512192P2,20220429RUC01,投稿, 8小时前,0,0,202503140017243072P1
3356891,水浒传,202503140056394171P2,20220429RUC01,投稿, 8小时前,0,0,202503140016503175P1
3356877,裆史和革铭史,202503140055010125P2,20220429RUC01,投稿, 8小时前,0,0,202503140016503175P1
3356828,三国演义,202503140044332592P2,20220429RUC01,投稿, 9小时前,0,0,202503140016503175P1
3356743,可能不同地方不一样,202503140013544016P2,20220429RUC01,投稿, 9小时前,0,0,202503140010325891P1
3356742,lztm正找着数据呢小恐龙就蹦出来了😅😅真是气死了,202503140013415422P2,20220429RUC01,投稿, 9小时前,0,0,202503140010325891P1
3356741,为啥我还有？,202503140013299668P2,20220429RUC01,投稿, 9小时前,0,0,202503140010325891P1
3356737,12点突然就没了到现在也没有,202503140012529090P2,20220429RUC01,投稿, 9小时前,0,0,202503140010325891P1
3357469,太宰先生😍😍😍！太宰先生就算是【bi——】也是最好的！！！,202503140938599886P2,20220429RUC01,投稿, 7分钟前,0,0,202503140003322700P1
3357466,漂亮。确实。不仅漂亮嗓门儿还好,202503140938120501P2,20220429RUC01,投稿, 8分钟前,0,0,202503140003322700P1
3357463,原来大家都这么晚都还没睡啊,202503140937468387P2,20220429RUC01,投稿, 8分钟前,0,0,202503140003322700P1
3356853,太宰治，侦探社时期的真的又帅又温柔,202503140050308405P2,20220429RUC01,投稿, 8小时前,0,0,202503140003322700P1
3356796,大小姐剧场版屠龙真的把我帅晕,202503140037455567P2,20220429RUC01,投稿, 9小时前,0,0,202503140003322700P1
3356795,Chuuya。漂亮。我喜欢大小姐又强又帅,202503140037270723P2,20220429RUC01,投稿, 9小时前,0,0,202503140003322700P1
3357284,D,202503140811245566P2,20220429RUC01,投稿, 1小时前,0,0,202503140003008662P1
3357130,不完全吧🤔应该是子集,202503140142024421P2,20220429RUC01,投稿, 8小时前,0,0,202503140003008662P1
3357127,C,202503140141094518P2,20220429RUC01,投稿, 8小时前,0,0,202503140003008662P1
3357027,C 逆否命题,202503140121087655P2,20220429RUC01,投稿, 8小时前,0,0,202503140003008662P1
3356935,C，前提和结论有俩50，那中间条件应该要有其他两个变量（A的话都是肯定应该推不出来否定 B没有200，D不知道咋秒排除，但是看一眼应该能看出来范围描述的不对）,202503140103246757P2,20220429RUC01,投稿, 8小时前,0,0,202503140003008662P1
3356781,羡慕脑子好的uu🥺,202503140033194647P2,20220429RUC01,投稿, 9小时前,0,0,202503140003008662P1
3356772,秒c，50与200是等量的，参加过其中一个就意味着一定参加过另一个,202503140029132509P2,20220429RUC01,投稿, 9小时前,0,0,202503140003008662P1
3356750,B是秒叉出去的😹,202503140018332118P2,20220429RUC01,投稿, 9小时前,0,0,202503140003008662P1
3356738,选B,202503140012582086P2,20220429RUC01,投稿, 9小时前,0,0,202503140003008662P1
3356791,打110,202503140036450945P2,20220429RUC01,投稿, 9小时前,1,0,202503140002174145P1
3356731,这没法举报吧…举报了以后不尴尬吗，最好是和大家好好委婉沟通吧,202503140011342949P2,20220429RUC01,投稿, 9小时前,0,0,202503140002174145P1
3356898,输入啥指令呀,202503140057595016P2,20220429RUC01,投稿, 8小时前,0,0,202503140000122472P1
3356775,ds,202503140030247385P2,20220429RUC01,投稿, 9小时前,0,0,202503140000122472P1
3356787,cj,202503140035382035P2,20220429RUC01,投稿, 9小时前,0,0,202503132357458733P1
3356768,还都是0哈哈哈哈哈哈哈哈哈,202503140028148270P2,20220429RUC01,投稿, 9小时前,0,0,202503132357458733P1
3356730,比例差不多吧，什么院人多什么院就多,202503140011021751P2,20220429RUC01,投稿, 9小时前,0,0,202503132357458733P1
3356717,法,202503140006116145P2,20220429RUC01,投稿, 9小时前,0,0,202503132357458733P1
3356698,法,202503140001370708P2,20220429RUC01,投稿, 9小时前,0,0,202503132357458733P1
3356685,只要是上过的课程成绩都无法替代,202503132357268182P2,20220429RUC01,投稿, 9小时前,0,0,202503132353450639P1
3356678,怎么可能,202503132355334085P2,20220429RUC01,投稿, 9小时前,0,0,202503132353450639P1
3356716,不怕睡觉的时候被拿刀子捅就行,202503140005314214P2,20220429RUC01,投稿, 9小时前,0,0,202503132351202428P1
3356680,"跟他说一下吧
",202503132355438886P2,20220429RUC01,投稿, 9小时前,0,0,202503132351202428P1
3356765,还没建群，可以加我QQ1569192624,202503140026260728P2,20220429RUC01,投稿, 9小时前,0,0,202503132345404932P1
3356696,对哲学的逻辑部分感兴趣可以举手手吗，要不直接群码发出来吧,202503140000452464P2,20220429RUC01,投稿, 9小时前,1,0,202503132345404932P1
3356664,对,202503132349572994P2,20220429RUC01,投稿, 9小时前,0,0,202503132345404932P1
3356663,好的，谢谢你，不过我可能更想找一群志同道合的人，而不是单纯学东西,202503132349496834P2,20220429RUC01,投稿, 9小时前,0,0,202503132345404932P1
3356661,是王阳明的心学吗？,202503132349337551P2,20220429RUC01,投稿, 9小时前,0,0,202503132345404932P1
3356655,樊力行哲学功底深厚，绩点除了英文全部满，可以找他探讨,202503132346480917P2,20220429RUC01,投稿, 9小时前,2,0,202503132345404932P1
3356651,要是没有就算了，不知道算不算小众,202503132346119941P2,20220429RUC01,投稿, 10小时前,0,0,202503132345404932P1
3357084,蹲,202503140131421757P2,20220429RUC01,投稿, 8小时前,0,0,202503132344597302P1
3356758,ffn,202503140021382534P2,20220429RUC01,投稿, 9小时前,0,0,202503132342404353P1
3356635,多说几次。,202503132343234912P2,20220429RUC01,投稿, 10小时前,0,0,202503132340017754P1
3356633,去泡脚,202503132343043459P2,20220429RUC01,投稿, 10小时前,0,0,202503132340017754P1
3356940,期末就是50分作业题原题+不超过10分的极其简单的新题+两道莫名其妙的分析题40分 最后平时和期末给分也是随机的吹风机给分3.7/4.0（除非你分析题分析的很好 但是什么叫好也是很随机的,202503140104137860P2,20220429RUC01,投稿, 8小时前,0,0,202503132335298351P1
3356740,韩国社团前段时间开过团购，好像每学期开一次,202503140013176311P2,20220429RUC01,投稿, 9小时前,0,0,202503132325258312P1
3356670,是这款吗,202503132353119724P2,20220429RUC01,投稿, 9小时前,0,0,202503132325258312P1
3356665,在东门外文化大厦里面有人大文创店，应该比礼念小程序里面的好看,202503132351067919P2,20220429RUC01,投稿, 9小时前,0,0,202503132325258312P1
3356565,同问，想买,202503132329187104P2,20220429RUC01,投稿, 10小时前,0,0,202503132325258312P1
3356961,哦哈呦学妹被白眼前的幻想罢了,202503140108591465P2,20220429RUC01,投稿, 8小时前,0,0,202503132320040553P1
3356687,偶哈有学妹,202503132357479003P2,20220429RUC01,投稿, 9小时前,0,0,202503132320040553P1
3356570,深以为然,202503132330157510P2,20220429RUC01,投稿, 10小时前,0,0,202503132320040553P1
3356553,还真是,202503132324407911P2,20220429RUC01,投稿, 10小时前,0,0,202503132320040553P1
3356551,多出联通癖和性倒错,202503132324224376P2,20220429RUC01,投稿, 10小时前,1,0,202503132320040553P1
3356550,深以为然,202503132323482837P2,20220429RUC01,投稿, 10小时前,0,0,202503132320040553P1
3356548,蛤？,202503132323359718P2,20220429RUC01,投稿, 10小时前,0,0,202503132320040553P1
3356713,屠夫玩家路过,202503140004351604P2,20220429RUC01,投稿, 9小时前,0,0,202503132319151526P1
3356652,哈哈哈哈id：67985014,202503132346119827P2,20220429RUC01,投稿, 10小时前,0,0,202503132319151526P1
3356580,留号,202503132332338886P2,20220429RUC01,投稿, 10小时前,0,0,202503132319151526P1
3357258,没有艾草味好像是因为用的麦青粉之类调的色，正常青团得用艾草汁/艾草碎，但可能对食堂来说成本高了吧（不知道市价多少，我的记忆只停留在小时候和奶奶去采艾草了）所以相比之下我还是更喜欢吃蛋黄肉松的）当作糯米皮包蛋黄肉松好了hh,202503140736032250P2,20220429RUC01,投稿, 2小时前,0,0,202503132313216102P1
3357257,巧克力我觉得一般般）对我来说有点甜,202503140734248545P2,20220429RUC01,投稿, 2小时前,0,0,202503132313216102P1
3357247,青团都没有艾草味……主任小红书的评论区也都在说这一点，你吃过正宗的吗？,202503140717015589P2,20220429RUC01,投稿, 2小时前,0,0,202503132313216102P1
3356826,玫瑰的好吃，跟云南鲜花饼很像,202503140044200142P2,20220429RUC01,投稿, 9小时前,0,0,202503132313216102P1
3356818,？ 最喜欢吃这个皮,202503140042598703P2,20220429RUC01,投稿, 9小时前,0,0,202503132313216102P1
3356572,点了，皮真的不好吃，求推荐好吃的,202503132330348974P2,20220429RUC01,投稿, 10小时前,0,0,202503132313216102P1
3356567,皮一点都不正宗，不如面包店的，甚至不如便利店里沈大成的,202503132329206972P2,20220429RUC01,投稿, 10小时前,0,0,202503132313216102P1
3356554,奶酪的也是,202503132324527810P2,20220429RUC01,投稿, 10小时前,0,0,202503132313216102P1
3356552,一般，那个芝士香精味很重,202503132324355288P2,20220429RUC01,投稿, 10小时前,0,0,202503132313216102P1
3356546,"不知道，但我目前觉得玫瑰的超好吃
",202503132322509961P2,20220429RUC01,投稿, 10小时前,0,0,202503132313216102P1
3357497,小提琴王子高zp比lmy好,202503140946108378P2,20220429RUC01,投稿,刚刚,0,0,202503132312172962P1
3357495,摇滚王子李my也很有气质的,202503140945091714P2,20220429RUC01,投稿, 1分钟前,0,0,202503132312172962P1
3357494,鹏哥老帅了,202503140945078771P2,20220429RUC01,投稿, 1分钟前,0,0,202503132312172962P1
3357475,x文j还行,202503140940557663P2,20220429RUC01,投稿, 5分钟前,0,0,202503132312172962P1
3357474,上海鹏哥了解一下,202503140940547943P2,20220429RUC01,投稿, 5分钟前,0,0,202503132312172962P1
3357461,别骗lz呜呜呜,202503140936474806P2,20220429RUC01,投稿, 9分钟前,0,0,202503132312172962P1
3357448,确实啊，一米九八块腹肌，很顶,202503140932094349P2,20220429RUC01,投稿, 14分钟前,0,0,202503132312172962P1
3357445,那肯定得是我们xwj了,202503140931378271P2,20220429RUC01,投稿, 15分钟前,0,0,202503132312172962P1
3357444,肖wj,202503140931147571P2,20220429RUC01,投稿, 15分钟前,0,0,202503132312172962P1
3356624,同学你敢说就行哟～,202503132340256166P2,20220429RUC01,投稿, 10小时前,0,0,202503132312172962P1
3356604,zrl 我好喜欢可是是直的,202503132336408676P2,20220429RUC01,投稿, 10小时前,0,0,202503132312172962P1
3356590,"
xjc",202503132334252299P2,20220429RUC01,投稿, 10小时前,0,0,202503132312172962P1
3356547,ljp,202503132323167385P2,20220429RUC01,投稿, 10小时前,0,0,202503132312172962P1
3356540,23届lmj纯明星长相,202503132320168791P2,20220429RUC01,投稿, 10小时前,1,0,202503132312172962P1
3357062,emo三部曲,202503140128002878P2,20220429RUC01,投稿, 8小时前,1,0,202503132310336556P1
3357061,狩猎,202503140127519434P2,20220429RUC01,投稿, 8小时前,1,0,202503132310336556P1
3357060,超脱,202503140127450373P2,20220429RUC01,投稿, 8小时前,1,0,202503132310336556P1
3357059,海边的曼彻斯特,202503140127416043P2,20220429RUC01,投稿, 8小时前,1,0,202503132310336556P1
3357030,花束般的恋爱,202503140121351499P2,20220429RUC01,投稿, 8小时前,0,0,202503132310336556P1
3356669,照照镜子回顾自己的一生就是最大的be了（手动狗头）,202503132352551004P2,20220429RUC01,投稿, 9小时前,0,0,202503132310336556P1
3356658,萤火之森,202503132348146318P2,20220429RUC01,投稿, 9小时前,0,0,202503132310336556P1
3356559,新海诚早期作品（言叶之庭以前）,202503132326356204P2,20220429RUC01,投稿, 10小时前,0,0,202503132310336556P1
3356534,请以你的名字呼唤我,202503132319087583P2,20220429RUC01,投稿, 10小时前,0,0,202503132310336556P1
3356513,靠！当时看这个最后气死我了www,202503132312237949P2,20220429RUC01,投稿, 10小时前,0,0,202503132310336556P1
3356510,二十五二十一,202503132312063582P2,20220429RUC01,投稿, 10小时前,0,0,202503132310336556P1
3356577,啥意思,202503132331346188P2,20220429RUC01,投稿, 10小时前,0,0,202503132307594774P1
3356527,勾出今天这么早回啊,202503132316306728P2,20220429RUC01,投稿, 10小时前,0,0,202503132307594774P1
3357033,每周三计协义诊,202503140121483262P2,20220429RUC01,投稿, 8小时前,0,0,202503132306082472P1
3356613,分盘，把 d 盘的空间分点给 c 盘,202503132338064865P2,20220429RUC01,投稿, 10小时前,0,0,202503132306082472P1
3356532,或者设置 系统 存储，能看到哪些东西占得多,202503132318103895P2,20220429RUC01,投稿, 10小时前,0,0,202503132306082472P1
3356526,（如果你没有改过下面这些的存放位置）桌面上的文件，文档里各个软件的东西尤其是QQ微信聊天记录，下载里的东西,202503132316097102P2,20220429RUC01,投稿, 10小时前,0,0,202503132306082472P1
3356496,经济金融知识扎实，愿意学习，熟悉Stata和实证分析，以及能熟练使用wind、国泰安等数据库的优先,202503132307444822P2,20220429RUC01,投稿, 10小时前,0,0,202503132305205830P1
3356490,有意者联系q1870879540,202503132305333806P2,20220429RUC01,投稿, 10小时前,0,0,202503132305205830P1
3356535,patpat 换个角度 有的时候一个人也挺好的,202503132319147173P2,20220429RUC01,投稿, 10小时前,0,0,202503132300425744P1
3356502,女t也不容易啊,202503132308539549P2,20220429RUC01,投稿, 10小时前,0,0,202503132300425744P1
3356485,为什么男t这么难谈到真心的。,202503132303119826P2,20220429RUC01,投稿, 10小时前,1,0,202503132300425744P1
3356482,和我谈,202503132302297042P2,20220429RUC01,投稿, 10小时前,0,0,202503132300425744P1
3357374,认真的？,202503140912221006P2,20220429RUC01,投稿, 34分钟前,1,0,202503132257337556P1
3357071,佰人王,202503140130108981P2,20220429RUC01,投稿, 8小时前,1,0,202503132257337556P1
3357065,串串香,202503140129092808P2,20220429RUC01,投稿, 8小时前,1,0,202503132257337556P1
3357064,好像还真是,202503140129072430P2,20220429RUC01,投稿, 8小时前,1,0,202503132257337556P1
3357058,串串来了,202503140127348034P2,20220429RUC01,投稿, 8小时前,1,0,202503132257337556P1
3357057,别串了,202503140127086004P2,20220429RUC01,投稿, 8小时前,1,0,202503132257337556P1
3357056,是宝宝,202503140127073097P2,20220429RUC01,投稿, 8小时前,1,0,202503132257337556P1
3357055,22级有吗,202503140126388760P2,20220429RUC01,投稿, 8小时前,1,0,202503132257337556P1
3357053,👉,202503140125473875P2,20220429RUC01,投稿, 8小时前,1,0,202503132257337556P1
3357052,这莫晚都不睡小心明天长痘痘,202503140125447077P2,20220429RUC01,投稿, 8小时前,1,0,202503132257337556P1
3357047,有...有吗...,202503140123494021P2,20220429RUC01,投稿, 8小时前,1,0,202503132257337556P1
3356986,xql,202503140114084500P2,20220429RUC01,投稿, 8小时前,1,0,202503132257337556P1
3356953,lyy可爱捏☺,202503140107364143P2,20220429RUC01,投稿, 8小时前,1,0,202503132257337556P1
3356944,杨！圣！的恩情还不完啊还不完🖐🏻😭🖐🏻✍🏻✍🏻✍🏻✍🏻,202503140105064582P2,20220429RUC01,投稿, 8小时前,1,0,202503132257337556P1
3356906,天不生我杨圣，党院万古如长夜,202503140059132296P2,20220429RUC01,投稿, 8小时前,3,0,202503132257337556P1
3356897,杨！圣！,202503140057313178P2,20220429RUC01,投稿, 8小时前,1,0,202503132257337556P1
3356896,xsl,202503140057163769P2,20220429RUC01,投稿, 8小时前,1,0,202503132257337556P1
3356895,\o/\o/\o/\o/,202503140057121175P2,20220429RUC01,投稿, 8小时前,1,0,202503132257337556P1
3356894,爹爹,202503140057050678P2,20220429RUC01,投稿, 8小时前,1,0,202503132257337556P1
3356892,参见杨圣,202503140056425475P2,20220429RUC01,投稿, 8小时前,1,0,202503132257337556P1
3356889,跌！杨圣！✋😭🤚,202503140056342986P2,20220429RUC01,投稿, 8小时前,1,0,202503132257337556P1
3356888,杨圣,202503140056280407P2,20220429RUC01,投稿, 8小时前,1,0,202503132257337556P1
3356887,杨！圣！,202503140056236192P2,20220429RUC01,投稿, 8小时前,1,0,202503132257337556P1
3356885,杨圣,202503140056066929P2,20220429RUC01,投稿, 8小时前,1,0,202503132257337556P1
3356884,爹,202503140055588568P2,20220429RUC01,投稿, 8小时前,2,0,202503132257337556P1
3356883,老师这么高强度冲浪,202503140055577008P2,20220429RUC01,投稿, 8小时前,1,0,202503132257337556P1
3356878,yzh,202503140055357965P2,20220429RUC01,投稿, 8小时前,2,0,202503132257337556P1
3356876,同学们大半夜都不睡吗？下次上我课别打瞌睡🥲,202503140054551748P2,20220429RUC01,投稿, 8小时前,2,0,202503132257337556P1
3356871,cyt,202503140053276377P2,20220429RUC01,投稿, 8小时前,1,0,202503132257337556P1
3356870,芭乐拔染,202503140053246098P2,20220429RUC01,投稿, 8小时前,1,0,202503132257337556P1
3356869,🉑,202503140053193834P2,20220429RUC01,投稿, 8小时前,1,0,202503132257337556P1
3356867,八乐八然,202503140052410654P2,20220429RUC01,投稿, 8小时前,1,0,202503132257337556P1
3356865,那我匿了,202503140052104266P2,20220429RUC01,投稿, 8小时前,1,0,202503132257337556P1
3356864,候jn🥰,202503140052088603P2,20220429RUC01,投稿, 8小时前,1,0,202503132257337556P1
3356863,君们以为然否,202503140052049557P2,20220429RUC01,投稿, 8小时前,0,0,202503132257337556P1
3356860,😇😇🤣🤣服了,202503140051366797P2,20220429RUC01,投稿, 8小时前,1,0,202503132257337556P1
3356859,记得没事偷着乐,202503140051341553P2,20220429RUC01,投稿, 8小时前,2,0,202503132257337556P1
3356852,zcx,202503140050123186P2,20220429RUC01,投稿, 8小时前,1,0,202503132257337556P1
3356851,当院不是小院吗 哪有这么多人,202503140049557972P2,20220429RUC01,投稿, 8小时前,1,0,202503132257337556P1
3356847,行的,202503140048326672P2,20220429RUC01,投稿, 8小时前,1,0,202503132257337556P1
3356844,😍😍😍😍😍,202503140048273357P2,20220429RUC01,投稿, 8小时前,1,0,202503132257337556P1
3356842,谢谢你 好人 帮我整理了,202503140048058146P2,20220429RUC01,投稿, 8小时前,1,0,202503132257337556P1
3356841,那咋了,202503140047579740P2,20220429RUC01,投稿, 8小时前,1,0,202503132257337556P1
3356840,谢谢你 我现在才知道作业这么多,202503140047354502P2,20220429RUC01,投稿, 8小时前,1,0,202503132257337556P1
3356839,🤣🤣🤣🤣🤣🤣🤣🤣🤣🤣🤣🤣,202503140047313849P2,20220429RUC01,投稿, 8小时前,1,0,202503132257337556P1
3356837,你说得对，但是马政党有小组pre＋期末考，论文课有小组pre两次＋期末考＋一篇论文＋研修营论文，文献课有8000字论文，政治学概论有读书报告＋期末考，军理课有小组pre＋期末考，近代思想史有读书报告＋期末考，哈哈😄别忘了四六级topeb期中期末考以及千奇百怪的选修课,202503140046476765P2,20220429RUC01,投稿, 9小时前,1,0,202503132257337556P1
3356835,小玉米,202503140046325982P2,20220429RUC01,投稿, 9小时前,1,0,202503132257337556P1
3356833,好像有个姐姐xhs有号,202503140045594131P2,20220429RUC01,投稿, 9小时前,1,0,202503132257337556P1
3356830,晓雯～,202503140045012780P2,20220429RUC01,投稿, 9小时前,1,0,202503132257337556P1
3356829,有djc的瓜吗,202503140044572037P2,20220429RUC01,投稿, 9小时前,1,0,202503132257337556P1
3356827,hps,202503140044253327P2,20220429RUC01,投稿, 9小时前,1,0,202503132257337556P1
3356824,这个是真神,202503140044074397P2,20220429RUC01,投稿, 9小时前,1,0,202503132257337556P1
3356821,难绷,202503140043367557P2,20220429RUC01,投稿, 9小时前,1,0,202503132257337556P1
3356820,想吃,202503140043254705P2,20220429RUC01,投稿, 9小时前,1,0,202503132257337556P1
3356817,你是真饿了🤣,202503140042532483P2,20220429RUC01,投稿, 9小时前,1,0,202503132257337556P1
3356814,疯狂汪汪狗,202503140042046131P2,20220429RUC01,投稿, 9小时前,2,0,202503132257337556P1
3356812,小馋猫😆,202503140040414376P2,20220429RUC01,投稿, 9小时前,1,0,202503132257337556P1
3356810,😍😍😍,202503140040275707P2,20220429RUC01,投稿, 9小时前,1,0,202503132257337556P1
3356806,DJC,202503140039463032P2,20220429RUC01,投稿, 9小时前,1,0,202503132257337556P1
3356804,李畅宇,202503140039108518P2,20220429RUC01,投稿, 9小时前,1,0,202503132257337556P1
3356802,周家彬,202503140038341875P2,20220429RUC01,投稿, 9小时前,1,0,202503132257337556P1
3356800,yzy,202503140038241392P2,20220429RUC01,投稿, 9小时前,2,0,202503132257337556P1
3356625,hsq,202503132340357694P2,20220429RUC01,投稿, 10小时前,1,0,202503132257337556P1
3356489,兄弟别来抽象,202503132305262364P2,20220429RUC01,投稿, 10小时前,1,0,202503132257337556P1
3356460,金灿荣,202503132258368676P2,20220429RUC01,投稿, 10小时前,1,0,202503132257337556P1
3356515,如果就青菜鸡胸这些来说，西区的麻辣烫点不辣的比较鲜，是自然的鲜，科技味不重。东一的清汤加一点青椒酱和醋味道神似关东煮和简易版寿喜烧；东二东厅的骨汤很鲜，而且加了蒜末提香；东二西厅的番茄锅一般，吃多了涩口。中二的麻辣烫也是汤底比较鲜的类型，相对其他麻辣烫会煮的烂一些。,202503132313164683P2,20220429RUC01,投稿, 10小时前,0,0,202503132256040200P1
3356465,不吃科技丸子那些玩意儿，就加菜加鸡胸肉，好吃,202503132259272256P2,20220429RUC01,投稿, 10小时前,0,0,202503132256040200P1
3356462,西区，鸡胸肉又嫩又新鲜，价格也比较公道,202503132259018366P2,20220429RUC01,投稿, 10小时前,0,0,202503132256040200P1
3356459,我为留一举大旗,202503132258261032P2,20220429RUC01,投稿, 10小时前,0,0,202503132256040200P1
3357496,红玫瑰那个也很不错,202503140945496117P2,20220429RUC01,投稿, 1分钟前,0,0,202503132234474776P1
3357491,17lp1最好看！（本人女,202503140944520961P2,20220429RUC01,投稿, 2分钟前,0,0,202503132234474776P1
3357480,可以可以，大大的好,202503140941481661P2,20220429RUC01,投稿, 5分钟前,0,0,202503132234474776P1
3357323,我和女朋友异地，这次我去见她，网上都花店，搜小王子花束就好啦,202503140843235286P2,20220429RUC01,投稿, 1小时前,0,0,202503132234474776P1
3357321,再更新一张，请问这个如何啊啊啊,202503140842551956P2,20220429RUC01,投稿, 1小时前,0,0,202503132234474776P1
3357302,求问是哪家花店,202503140831326403P2,20220429RUC01,投稿, 1小时前,0,0,202503132234474776P1
3357134,都好看，我命令你们两幸福☺️,202503140146079969P2,20220429RUC01,投稿, 8小时前,0,0,202503132234474776P1
3356798,黑色配红玫瑰很不错，但总感觉这个气质很成熟优雅，看看你对象是甜妹还是御姐了哈哈哈,202503140037589147P2,20220429RUC01,投稿, 9小时前,0,0,202503132234474776P1
3356786,突发奇想把换成红色丝绸质感的带子，不要纱质感的,202503140034365414P2,20220429RUC01,投稿, 9小时前,0,0,202503132234474776P1
3356784,或者你就选用后来挑的迷你一点的形式，但把花换成白玫瑰和一朵红玫瑰加小王子，应该也不是不能做,202503140033560057P2,20220429RUC01,投稿, 9小时前,0,0,202503132234474776P1
3356780,布的丝带?感觉1 2的丝带都挺合适的,202503140033137385P2,20220429RUC01,投稿, 9小时前,0,0,202503132234474776P1
3356735,我感觉17l也有道理，下面收紧一点是好看一些qwq,202503140012294150P2,20220429RUC01,投稿, 9小时前,0,0,202503132234474776P1
3356732,请问大概要换成什么样子的丝带呀 不是透明的就行嘛（或者我自己是不是能把丝带扯掉,202503140011436699P2,20220429RUC01,投稿, 9小时前,0,0,202503132234474776P1
3356728,对了选3的话要不问问商家丝带能不能换一个，感觉3的丝带换个丝带就非常完美了,202503140010464819P2,20220429RUC01,投稿, 9小时前,0,0,202503132234474776P1
3356724,"333
",202503140008455321P2,20220429RUC01,投稿, 9小时前,0,0,202503132234474776P1
3356719,感觉1和3好看，新挑的好看不过确实没有小王子有特色（?）,202503140006575565P2,20220429RUC01,投稿, 9小时前,0,0,202503132234474776P1
3356712,你怎么知道我是小狗，嘻嘻,202503140004233363P2,20220429RUC01,投稿, 9小时前,0,0,202503132234474776P1
3356711,还有个橘色的,202503140004101738P2,20220429RUC01,投稿, 9小时前,0,0,202503132234474776P1
3356706,看了大家的建议，那想再问下这种和小王子比起来会好一点嘛（我觉得小王子那个只有一朵玫瑰很有意境，也可能是我比较肤浅呜呜）,202503140003246788P2,20220429RUC01,投稿, 9小时前,0,0,202503132234474776P1
3356705,好可爱的小狗,202503140003127569P2,20220429RUC01,投稿, 9小时前,0,0,202503132234474776P1
3356693,是这样的，所以是想问问包装（尤其是12之间,202503132359480397P2,20220429RUC01,投稿, 9小时前,0,0,202503132234474776P1
3356692,女，感觉是一样的花不一样的包装（挠头）,202503132359002928P2,20220429RUC01,投稿, 9小时前,0,0,202503132234474776P1
3356684,啊啊谢谢你，所以这种黑的也好看是嘛 我审美不太行,202503132357021847P2,20220429RUC01,投稿, 9小时前,0,0,202503132234474776P1
3356662,总之不要4，感觉不是很适合送女生，送男朋友还差不多,202503132349454759P2,20220429RUC01,投稿, 9小时前,0,0,202503132234474776P1
3356615,1 3,202503132339196889P2,20220429RUC01,投稿, 10小时前,0,0,202503132234474776P1
3356521,1,202503132314198033P2,20220429RUC01,投稿, 10小时前,0,0,202503132234474776P1
3356500,我觉得类似这种底部小一些，上面的包装纸蓬一些，错落地突尖角这种看起来更好看一些（当然只是我的想法）,202503132308315481P2,20220429RUC01,投稿, 10小时前,0,0,202503132234474776P1
3356495,1 4都好好看 你女朋友会幸福死的 祝你们幸福！！！,202503132307367812P2,20220429RUC01,投稿, 10小时前,0,0,202503132234474776P1
3356483,俺感觉不是小王子的问题，是这个设计本身的不太行，这种形状方方的桶桶的，看起来好笨重,202503132302361432P2,20220429RUC01,投稿, 10小时前,0,0,202503132234474776P1
3356478,2很适合春天啊,202503132301214070P2,20220429RUC01,投稿, 10小时前,0,0,202503132234474776P1
3356463,主要是对象比较喜欢小王子qaq，一堆白花里面一朵玫瑰，感觉这种比较适配一点,202503132259091028P2,20220429RUC01,投稿, 10小时前,0,0,202503132234474776P1
3356432,这种很考验花艺师技术感觉，春天感觉可以挑一点更有生命力的花,202503132251301822P2,20220429RUC01,投稿, 10小时前,0,0,202503132234474776P1
3356418,感觉都不太好看（这是可以说的吗👉👈dbq（），一定要选的话3还好，12像卷心菜,202503132247414524P2,20220429RUC01,投稿, 10小时前,1,0,202503132234474776P1
3356408,2,202503132244301540P2,20220429RUC01,投稿, 11小时前,0,0,202503132234474776P1
3356400,12的差别只有纸颜色的区别，尊嘟好纠结,202503132243088479P2,20220429RUC01,投稿, 11小时前,0,0,202503132234474776P1
3356398,2（1渐变＋暗纹比较繁冗，3丝带的镭射略low，4和小王子的契合度不如2）,202503132242464743P2,20220429RUC01,投稿, 11小时前,1,0,202503132234474776P1
3356385,123差距不大，4不好看,202503132238558221P2,20220429RUC01,投稿, 11小时前,0,0,202503132234474776P1
3356382,"12区别在绿色的纸是不是渐变的？1和2里面1比较好看，3显得颜色有点单调了，4黑白搭配好怪
",202503132238383712P2,20220429RUC01,投稿, 11小时前,0,0,202503132234474776P1
3356381,3,202503132238363511P2,20220429RUC01,投稿, 11小时前,0,0,202503132234474776P1
3356380,3,202503132237525545P2,20220429RUC01,投稿, 11小时前,0,0,202503132234474776P1
3356379,3,202503132237229715P2,20220429RUC01,投稿, 11小时前,0,0,202503132234474776P1
3356375,3,202503132236243058P2,20220429RUC01,投稿, 11小时前,0,0,202503132234474776P1
3356538,感谢！,202503132319452479P2,20220429RUC01,投稿, 10小时前,0,0,202503132232210218P1
3356442,学务中心—成绩单—往下拉页面,202503132254477991P2,20220429RUC01,投稿, 10小时前,0,0,202503132232210218P1
3356593,巧了,202503132334470721P2,20220429RUC01,投稿, 10小时前,0,0,202503132230017669P1
3356591,我买了一个除臭+有香的东西喷…,202503132334344433P2,20220429RUC01,投稿, 10小时前,0,0,202503132230017669P1
3356573,我笑死了,202503132330486080P2,20220429RUC01,投稿, 10小时前,0,0,202503132230017669P1
3356543,"直接拿他的袜子过肺，估计就会注意了
",202503132321327572P2,20220429RUC01,投稿, 10小时前,0,0,202503132230017669P1
3356453,我们集资买个鞋柜吧！,202503132257174584P2,20220429RUC01,投稿, 10小时前,1,0,202503132230017669P1
3356449,诶，我们来比一比谁先把鞋子放在阳台放味吧,202503132256233688P2,20220429RUC01,投稿, 10小时前,1,0,202503132230017669P1
3356447,好无聊啊，我们来洗脚吧,202503132256036966P2,20220429RUC01,投稿, 10小时前,2,0,202503132230017669P1
3356427,寝室里是不是进了金灿荣助教啊，怎么这么臭,202503132249226478P2,20220429RUC01,投稿, 10小时前,3,0,202503132230017669P1
3356371,空气清新剂,202503132235167653P2,20220429RUC01,投稿, 11小时前,0,0,202503132230017669P1
3356341,20r一天,202503132225332678P2,20220429RUC01,投稿, 11小时前,0,0,202503132224125313P1
3356340,vx：wenluo12,202503132224503740P2,20220429RUC01,投稿, 11小时前,0,0,202503132224125313P1
3356369,一般都在站点吧？上次去西站取的,202503132234460714P2,20220429RUC01,投稿, 11小时前,0,0,202503132222401174P1
3356367,高铁票可以在12306上开电子发票,202503132234322919P2,20220429RUC01,投稿, 11小时前,0,0,202503132222401174P1
3357377,什么意思,202503140912595227P2,20220429RUC01,投稿, 34分钟前,0,0,202503132215529551P1
3357376,？,202503140912544918P2,20220429RUC01,投稿, 34分钟前,0,0,202503132215529551P1
3356763,啊，细说一下,202503140024533272P2,20220429RUC01,投稿, 9小时前,0,0,202503132215529551P1
3356401,啊啊什么瓜👂,202503132243421901P2,20220429RUC01,投稿, 11小时前,0,0,202503132215529551P1
3356316,不会,202503132215381033P2,20220429RUC01,投稿, 11小时前,0,0,202503132213010106P1
3356312,没影响啊,202503132214511359P2,20220429RUC01,投稿, 11小时前,0,0,202503132213010106P1
3356445,好强的攻击力,202503132255559589P2,20220429RUC01,投稿, 10小时前,0,0,202503132209571129P1
3356428,今天的课？,202503132249488151P2,20220429RUC01,投稿, 10小时前,0,0,202503132209571129P1
3356414,应该发配到岳明君的思修课去,202503132246544366P2,20220429RUC01,投稿, 11小时前,0,0,202503132209571129P1
3356356,她真的很好啊！怎么学生不来上课反而还能怪老师考勤了😱,202503132231112888P2,20220429RUC01,投稿, 11小时前,0,0,202503132209571129P1
3356334,奖励十个张一帆调和一下,202503132221219477P2,20220429RUC01,投稿, 11小时前,1,0,202503132209571129P1
3356294,换成别人你还想拿3.7？,202503132210185605P2,20220429RUC01,投稿, 11小时前,0,0,202503132209571129P1
3357484,用磕了瓜子的手翻书真是太干净啦,202503140942277075P2,20220429RUC01,投稿, 5分钟前,0,0,202503140941453524P1
3357483,太牛了小姐姐你知道声音有多大吗,202503140942096211P2,20220429RUC01,投稿, 6分钟前,0,0,202503140941453524P1
3357482,我草磕了一桌子了,202503140942009367P2,20220429RUC01,投稿, 6分钟前,0,0,202503140941453524P1
3357481,还以为听错了，以为是键盘呢,202503140941542720P2,20220429RUC01,投稿, 6分钟前,0,0,202503140941453524P1
3357493,其实我一直以为关系很好异性朋友都会做。,202503140944579534P2,20220429RUC01,投稿, 3分钟前,0,0,202503140937228765P1
3357478,推荐番茄的马甲的文《然而你却想s我》（这里的字是睡）,202503140941189563P2,20220429RUC01,投稿, 7分钟前,0,0,202503140937228765P1
3357488,这老师上课还进行无意义的点名提问，我听他讲课只想逃跑😅,202503140943425880P2,20220429RUC01,投稿, 4分钟前,0,0,202503140935237859P1
3357470,没关系，我们老师说，签到直接给分，期末考一起考，平时作业老师们开会决定正态分布，所以几个老师应该没区别了,202503140939003974P2,20220429RUC01,投稿, 9分钟前,0,0,202503140935237859P1
